FAULT DETECTION ;Uncon;Status;DUAs; Version;27b
0.016129;True;clear;org.apache.commons.collections4.map.MultiValueMap%<init>#0@0$(147,151, this)
0.016129;True;clear;org.apache.commons.collections4.map.MultiValueMap%<init>#0@2$(147,(148,151), collectionFactory)
0.016129;True;clear;org.apache.commons.collections4.map.MultiValueMap%<init>#0@3$(147,151, collectionFactory)
0.000705;True;clear;org.apache.commons.collections4.map.AbstractMapDecorator%equals#1@1$(127,(127,130), this)
0.000705;True;clear;org.apache.commons.collections4.map.AbstractMapDecorator%equals#1@2$(127,130, this)
0.000705;True;clear;org.apache.commons.collections4.map.AbstractMapDecorator%equals#1@4$(127,(127,130), object)
0.000705;True;clear;org.apache.commons.collections4.map.AbstractMapDecorator%equals#1@5$(127,130, object)
0.000233;True;clear;org.apache.commons.collections4.map.AbstractMapDecorator%<init>#0@0$(60,64, this)
0.000233;True;clear;org.apache.commons.collections4.map.AbstractMapDecorator%<init>#0@2$(60,(61,64), map)
0.000233;True;clear;org.apache.commons.collections4.map.AbstractMapDecorator%<init>#0@3$(60,64, map)
