FAULT DETECTION ;Uncon;Status;DUAs; Version;56b
1.000000;True;clear;com.fasterxml.jackson.databind.deser.std.FromStringDeserializer$Std%_deserialize#0@60$(235,242, first)
1.000000;True;clear;com.fasterxml.jackson.databind.deser.std.FromStringDeserializer$Std%_deserialize#0@62$(236,241, value)
1.000000;True;clear;com.fasterxml.jackson.databind.deser.std.FromStringDeserializer$Std%_deserialize#0@63$(236,242, value)
1.000000;True;clear;com.fasterxml.jackson.databind.deser.std.FromStringDeserializer$Std%_deserialize#0@66$(237,(238,241), ix)
1.000000;True;clear;com.fasterxml.jackson.databind.deser.std.FromStringDeserializer$Std%_deserialize#0@67$(237,241, ix)
1.000000;True;clear;com.fasterxml.jackson.databind.deser.std.FromStringDeserializer$Std%_deserialize#0@68$(237,242, ix)
0.500000;False;clear;com.fasterxml.jackson.databind.deser.std.FromStringDeserializer$Std%_deserialize#0@30$(208,235, value)
0.500000;False;clear;com.fasterxml.jackson.databind.deser.std.FromStringDeserializer$Std%_deserialize#0@31$(208,236, value)
0.500000;True;clear;com.fasterxml.jackson.databind.deser.std.FromStringDeserializer$Std%_deserialize#0@32$(208,233, value)
0.500000;True;clear;com.fasterxml.jackson.databind.deser.std.FromStringDeserializer$Std%_deserialize#0@56$(231,(232,233), ix)
0.500000;False;clear;com.fasterxml.jackson.databind.deser.std.FromStringDeserializer$Std%_deserialize#0@57$(231,(232,235), ix)
0.500000;False;clear;com.fasterxml.jackson.databind.deser.std.FromStringDeserializer$Std%_deserialize#0@58$(231,235, ix)
0.500000;False;clear;com.fasterxml.jackson.databind.deser.std.FromStringDeserializer$Std%_deserialize#0@59$(231,236, ix)
0.500000;True;clear;com.fasterxml.jackson.databind.deser.std.FromStringDeserializer$Std%_deserialize#0@61$(235,239, first)
0.500000;True;clear;com.fasterxml.jackson.databind.deser.std.FromStringDeserializer$Std%_deserialize#0@64$(236,239, value)
0.500000;True;clear;com.fasterxml.jackson.databind.deser.std.FromStringDeserializer$Std%_deserialize#0@65$(237,(238,239), ix)
0.333333;True;clear;com.fasterxml.jackson.databind.deser.std.FromStringDeserializer%findDeserializer#0@14$(62,(77,78), rawType)
0.333333;True;clear;com.fasterxml.jackson.databind.deser.std.FromStringDeserializer%findDeserializer#0@32$(78,90, kind)
0.333333;False;clear;com.fasterxml.jackson.databind.deser.std.FromStringDeserializer$Std%_deserialize#0@8$(208,(208,231), this)
0.333333;False;clear;com.fasterxml.jackson.databind.deser.std.FromStringDeserializer$Std%_deserialize#0@29$(208,231, value)
0.333333;False;clear;com.fasterxml.jackson.databind.deser.std.FromStringDeserializer$Std%_deserialize#0@51$(208,(208,231), this._kind)
0.050000;True;clear;com.fasterxml.jackson.databind.deser.std.JdkDeserializers%find#0@13$(31,(32,33), d)
0.050000;True;clear;com.fasterxml.jackson.databind.deser.std.JdkDeserializers%find#0@15$(31,33, d)
0.045455;False;clear;com.fasterxml.jackson.databind.deser.std.FromStringDeserializer%findDeserializer#0@13$(62,(75,77), rawType)
0.045455;False;clear;com.fasterxml.jackson.databind.deser.std.FromStringDeserializer%findDeserializer#0@24$(62,90, rawType)
0.043478;False;clear;com.fasterxml.jackson.databind.deser.std.FromStringDeserializer%findDeserializer#0@11$(62,(73,75), rawType)
0.040000;False;clear;com.fasterxml.jackson.databind.deser.std.FromStringDeserializer%findDeserializer#0@9$(62,(71,73), rawType)
0.038462;False;clear;com.fasterxml.jackson.databind.deser.std.FromStringDeserializer%findDeserializer#0@7$(62,(69,71), rawType)
0.037037;False;clear;com.fasterxml.jackson.databind.deser.std.FromStringDeserializer%deserialize#1@5$(104,122, this)
0.037037;False;clear;com.fasterxml.jackson.databind.deser.std.FromStringDeserializer%deserialize#1@22$(104,122, ctxt)
0.037037;False;clear;com.fasterxml.jackson.databind.deser.std.FromStringDeserializer%deserialize#1@43$(114,(115,116), text)
0.037037;False;clear;com.fasterxml.jackson.databind.deser.std.FromStringDeserializer%deserialize#1@45$(114,(116,116), text)
0.037037;False;clear;com.fasterxml.jackson.databind.deser.std.FromStringDeserializer%deserialize#1@47$(114,116, text)
0.037037;False;clear;com.fasterxml.jackson.databind.deser.std.FromStringDeserializer%deserialize#1@49$(116,(116,120), text)
0.037037;False;clear;com.fasterxml.jackson.databind.deser.std.FromStringDeserializer%deserialize#1@50$(116,122, text)
0.037037;True;clear;com.fasterxml.jackson.databind.deser.std.FromStringDeserializer%deserialize#1@58$(122,(123,124), result)
0.037037;True;clear;com.fasterxml.jackson.databind.deser.std.FromStringDeserializer%deserialize#1@60$(122,124, result)
0.035714;True;clear;com.fasterxml.jackson.databind.deser.std.FromStringDeserializer%deserialize#1@10$(104,(104,114), p)
0.035714;False;clear;com.fasterxml.jackson.databind.deser.std.FromStringDeserializer%deserialize#1@11$(104,114, p)
0.035714;True;clear;com.fasterxml.jackson.databind.deser.std.FromStringDeserializer%deserialize#1@29$(104,(104,114), START_ARRAY)
0.033333;False;clear;com.fasterxml.jackson.databind.deser.std.FromStringDeserializer%findDeserializer#0@5$(62,(67,69), rawType)
0.029412;False;clear;com.fasterxml.jackson.databind.deser.std.JdkDeserializers%find#0@0$(30,31, rawType)
0.029412;False;clear;com.fasterxml.jackson.databind.deser.std.JdkDeserializers%find#0@9$(30,(30,31), clsName)
0.029412;False;clear;com.fasterxml.jackson.databind.deser.std.JdkDeserializers%find#0@11$(30,(30,31), _classNames)
0.029412;False;clear;com.fasterxml.jackson.databind.deser.std.FromStringDeserializer%findDeserializer#0@3$(62,(65,67), rawType)
0.028571;False;clear;com.fasterxml.jackson.databind.deser.std.FromStringDeserializer%findDeserializer#0@1$(62,(63,65), rawType)
0.025000;True;clear;com.fasterxml.jackson.databind.deser.std.DateDeserializers%find#0@11$(45,(45,63), clsName)
0.025000;True;clear;com.fasterxml.jackson.databind.deser.std.DateDeserializers%find#0@13$(45,(45,63), _classNames)
0.025000;True;clear;com.fasterxml.jackson.databind.deser.BasicDeserializerFactory%findDefaultDeserializer#32@90$(1589,(1591,1596), deser)
0.014493;True;clear;com.fasterxml.jackson.databind.deser.std.NumberDeserializers%find#0@42$(43,(68,104), clsName)
0.014493;True;clear;com.fasterxml.jackson.databind.deser.std.NumberDeserializers%find#0@68$(43,(68,104), _classNames)
0.014493;False;clear;com.fasterxml.jackson.databind.deser.BasicDeserializerFactory%findDefaultDeserializer#32@50$(1539,1589, rawType)
0.014493;False;clear;com.fasterxml.jackson.databind.deser.BasicDeserializerFactory%findDefaultDeserializer#32@81$(1584,1589, clsName)
0.014493;False;clear;com.fasterxml.jackson.databind.deser.BasicDeserializerFactory%findDefaultDeserializer#32@84$(1587,(1588,1589), deser)
0.011364;True;clear;com.fasterxml.jackson.databind.type.TypeFactory%_fromWellKnownInterface#25@16$(1301,1301, i)
0.011236;False;clear;com.fasterxml.jackson.databind.type.TypeFactory%_fromWellKnownInterface#25@13$(1301,(1301,1302), i)
0.011236;False;clear;com.fasterxml.jackson.databind.type.TypeFactory%_fromWellKnownInterface#25@15$(1301,1302, i)
0.006536;True;clear;com.fasterxml.jackson.databind.ObjectMapper%_findRootDeserializer#45@7$(3903,(3904,3905), deser)
0.006536;True;clear;com.fasterxml.jackson.databind.ObjectMapper%_findRootDeserializer#45@9$(3903,3905, deser)
0.003846;True;clear;com.fasterxml.jackson.databind.type.TypeFactory%_fromWellKnownInterface#25@14$(1301,(1301,1307), i)
0.003831;False;clear;com.fasterxml.jackson.databind.type.TypeFactory%_fromWellKnownInterface#25@9$(1301,1301, i)
0.003831;False;clear;com.fasterxml.jackson.databind.type.TypeFactory%_fromWellKnownInterface#25@11$(1302,(1303,1301), result)
0.002994;False;clear;com.fasterxml.jackson.databind.deser.std.NumberDeserializers%find#0@1$(43,(43,68), rawType)
0.002994;True;clear;com.fasterxml.jackson.databind.deser.BasicDeserializerFactory%findDefaultDeserializer#32@82$(1584,(1585,1587), clsName)
0.002347;True;clear;com.fasterxml.jackson.databind.deser.DeserializerCache%_createAndCache2#5@22$(264,(280,280), deser)
0.002247;True;clear;com.fasterxml.jackson.databind.deser.DeserializerCache%_createAndCache2#5@26$(280,(299,302), addToCache)
0.002049;True;clear;com.fasterxml.jackson.databind.type.TypeFactory%_resolveSuperInterfaces#23@19$(1261,(1261,1262), i)
0.002049;True;clear;com.fasterxml.jackson.databind.type.TypeFactory%_resolveSuperInterfaces#23@21$(1261,1262, i)
0.002049;True;clear;com.fasterxml.jackson.databind.type.TypeFactory%_resolveSuperInterfaces#23@22$(1261,1263, i)
0.002049;True;clear;com.fasterxml.jackson.databind.type.TypeFactory%_resolveSuperInterfaces#23@23$(1261,1261, i)
0.001972;False;clear;com.fasterxml.jackson.databind.deser.BasicDeserializerFactory%findDefaultDeserializer#32@46$(1539,1587, rawType)
0.001972;False;clear;com.fasterxml.jackson.databind.deser.BasicDeserializerFactory%findDefaultDeserializer#32@79$(1584,1587, clsName)
0.001815;True;clear;com.fasterxml.jackson.databind.type.TypeBase%getInterfaces#2@2$(119,(122,128), this)
0.001815;True;clear;com.fasterxml.jackson.databind.type.TypeBase%getInterfaces#2@6$(119,128, this)
0.001815;True;clear;com.fasterxml.jackson.databind.type.TypeBase%getInterfaces#2@9$(119,(122,128), this._superInterfaces)
0.001815;True;clear;com.fasterxml.jackson.databind.type.TypeBase%getInterfaces#2@13$(119,128, this._superInterfaces)
0.001770;True;clear;com.fasterxml.jackson.databind.ext.OptionalHandlerFactory%findDeserializer#1@2$(117,(130,134), this)
0.001770;True;clear;com.fasterxml.jackson.databind.ext.OptionalHandlerFactory%findDeserializer#1@23$(117,(130,134), rawType)
0.001770;False;clear;com.fasterxml.jackson.databind.ext.OptionalHandlerFactory%findDeserializer#1@30$(128,(130,130), className)
0.001770;True;clear;com.fasterxml.jackson.databind.deser.BasicDeserializerFactory%findDefaultDeserializer#32@49$(1539,1603, rawType)
0.001770;True;clear;com.fasterxml.jackson.databind.deser.BasicDeserializerFactory%findDefaultDeserializer#32@80$(1584,1603, clsName)
0.001770;True;clear;com.fasterxml.jackson.databind.deser.BasicDeserializerFactory%findDefaultDeserializer#32@93$(1599,(1600,1603), deser)
0.001757;True;clear;com.fasterxml.jackson.databind.ext.OptionalHandlerFactory%findDeserializer#1@16$(117,(122,125), CLASS_DOM_NODE)
0.001757;False;clear;com.fasterxml.jackson.databind.ext.OptionalHandlerFactory%findDeserializer#1@17$(117,(125,125), CLASS_DOM_DOCUMENT)
0.001757;True;clear;com.fasterxml.jackson.databind.ext.OptionalHandlerFactory%findDeserializer#1@20$(117,(125,128), CLASS_DOM_DOCUMENT)
0.001757;False;clear;com.fasterxml.jackson.databind.ext.OptionalHandlerFactory%findDeserializer#1@21$(117,128, rawType)
0.001757;True;clear;com.fasterxml.jackson.databind.ext.OptionalHandlerFactory%findDeserializer#1@25$(117,(125,128), rawType)
0.001757;True;clear;com.fasterxml.jackson.databind.ext.OptionalHandlerFactory%findDeserializer#1@27$(117,(122,125), rawType)
0.001751;True;clear;com.fasterxml.jackson.databind.ext.OptionalHandlerFactory%findDeserializer#1@12$(117,(119,122), CLASS_JAVA7_PATH)
0.001751;False;clear;com.fasterxml.jackson.databind.ext.OptionalHandlerFactory%findDeserializer#1@13$(117,(122,122), CLASS_DOM_NODE)
0.001751;True;clear;com.fasterxml.jackson.databind.ext.OptionalHandlerFactory%findDeserializer#1@29$(117,(119,122), rawType)
0.001748;False;clear;com.fasterxml.jackson.databind.ext.OptionalHandlerFactory%findDeserializer#1@9$(117,(119,119), CLASS_JAVA7_PATH)
0.001748;False;clear;com.fasterxml.jackson.databind.deser.BasicDeserializerFactory%findDefaultDeserializer#32@0$(1539,1599, this)
0.001748;False;clear;com.fasterxml.jackson.databind.deser.BasicDeserializerFactory%findDefaultDeserializer#32@7$(1539,1599, ctxt)
0.001748;False;clear;com.fasterxml.jackson.databind.deser.BasicDeserializerFactory%findDefaultDeserializer#32@12$(1539,1599, type)
0.001748;False;clear;com.fasterxml.jackson.databind.deser.BasicDeserializerFactory%findDefaultDeserializer#32@17$(1539,1599, beanDesc)
0.001748;False;clear;com.fasterxml.jackson.databind.deser.BasicDeserializerFactory%findDefaultDeserializer#32@48$(1539,(1596,1599), rawType)
0.001597;False;clear;com.fasterxml.jackson.databind.type.TypeFactory%_fromWellKnownInterface#25@0$(1299,1302, rawType)
0.001597;False;clear;com.fasterxml.jackson.databind.type.TypeFactory%_fromWellKnownInterface#25@1$(1299,1302, bindings)
0.001597;False;clear;com.fasterxml.jackson.databind.type.TypeFactory%_fromWellKnownInterface#25@2$(1299,1302, superClass)
0.001597;False;clear;com.fasterxml.jackson.databind.type.TypeFactory%_fromWellKnownInterface#25@3$(1299,1302, superInterfaces)
0.001597;False;clear;com.fasterxml.jackson.databind.type.TypeFactory%_fromWellKnownInterface#25@4$(1299,(1301,1302), intCount)
0.001597;False;clear;com.fasterxml.jackson.databind.type.TypeFactory%_fromWellKnownInterface#25@6$(1301,(1301,1302), i)
0.001597;False;clear;com.fasterxml.jackson.databind.type.TypeFactory%_fromWellKnownInterface#25@8$(1301,1302, i)
0.001563;True;clear;com.fasterxml.jackson.databind.deser.BeanDeserializerFactory%findStdDeserializer#2@1$(168,(171,177), this)
0.001563;True;clear;com.fasterxml.jackson.databind.deser.BeanDeserializerFactory%findStdDeserializer#2@6$(168,(171,177), this._factoryConfig)
0.001553;False;clear;com.fasterxml.jackson.databind.deser.BeanDeserializerFactory%findStdDeserializer#2@8$(168,(170,171), deser)
0.001553;True;clear;com.fasterxml.jackson.databind.deser.BeanDeserializerFactory%createBeanDeserializer#1@36$(133,(134,135), deser)
0.001553;True;clear;com.fasterxml.jackson.databind.deser.BeanDeserializerFactory%createBeanDeserializer#1@38$(133,135, deser)
0.001550;False;clear;com.fasterxml.jackson.databind.type.TypeFactory%_resolveSuperInterfaces#23@0$(1255,1263, this)
0.001550;False;clear;com.fasterxml.jackson.databind.type.TypeFactory%_resolveSuperInterfaces#23@1$(1255,1263, context)
0.001550;False;clear;com.fasterxml.jackson.databind.type.TypeFactory%_resolveSuperInterfaces#23@2$(1255,1263, parentBindings)
0.001550;False;clear;com.fasterxml.jackson.databind.type.TypeFactory%_resolveSuperInterfaces#23@7$(1255,(1256,1259), types)
0.001550;False;clear;com.fasterxml.jackson.databind.type.TypeFactory%_resolveSuperInterfaces#23@8$(1255,1259, types)
0.001550;False;clear;com.fasterxml.jackson.databind.type.TypeFactory%_resolveSuperInterfaces#23@9$(1255,1262, types)
0.001550;False;clear;com.fasterxml.jackson.databind.type.TypeFactory%_resolveSuperInterfaces#23@10$(1259,(1261,1262), len)
0.001550;False;clear;com.fasterxml.jackson.databind.type.TypeFactory%_resolveSuperInterfaces#23@11$(1259,(1261,1265), len)
0.001550;False;clear;com.fasterxml.jackson.databind.type.TypeFactory%_resolveSuperInterfaces#23@12$(1260,1265, resolved)
0.001550;False;clear;com.fasterxml.jackson.databind.type.TypeFactory%_resolveSuperInterfaces#23@13$(1260,1263, resolved)
0.001550;False;clear;com.fasterxml.jackson.databind.type.TypeFactory%_resolveSuperInterfaces#23@14$(1261,(1261,1262), i)
0.001550;False;clear;com.fasterxml.jackson.databind.type.TypeFactory%_resolveSuperInterfaces#23@16$(1261,1262, i)
0.001550;False;clear;com.fasterxml.jackson.databind.type.TypeFactory%_resolveSuperInterfaces#23@17$(1261,1263, i)
0.001550;False;clear;com.fasterxml.jackson.databind.type.TypeFactory%_resolveSuperInterfaces#23@18$(1261,1261, i)
0.001550;False;clear;com.fasterxml.jackson.databind.type.TypeFactory%_resolveSuperInterfaces#23@20$(1261,(1261,1265), i)
0.001499;True;clear;com.fasterxml.jackson.databind.type.SimpleType%equals#8@4$(309,(316,316), this)
0.001499;True;clear;com.fasterxml.jackson.databind.type.SimpleType%equals#8@14$(309,(316,316), this._class)
0.001499;True;clear;com.fasterxml.jackson.databind.type.SimpleType%equals#8@17$(313,(316,316), other)
0.001499;True;clear;com.fasterxml.jackson.databind.type.SimpleType%equals#8@20$(313,(316,316), other._class)
0.001399;True;clear;com.fasterxml.jackson.databind.util.ClassUtil%_addSuperTypes#3@11$(128,140, endBefore)
0.001399;True;clear;com.fasterxml.jackson.databind.util.ClassUtil%_addSuperTypes#3@13$(128,140, result)
0.001399;True;clear;com.fasterxml.jackson.databind.util.ClassUtil%_addSuperTypes#3@23$(139,(139,139), i$)
0.001399;True;clear;com.fasterxml.jackson.databind.util.ClassUtil%_addSuperTypes#3@25$(139,139, i$)
0.001350;True;clear;com.fasterxml.jackson.databind.deser.DefaultDeserializationContext%checkUnresolvedObjectId#1@0$(152,(152,153), this)
0.001350;True;clear;com.fasterxml.jackson.databind.deser.DefaultDeserializationContext%checkUnresolvedObjectId#1@8$(152,(152,153), this._objectIds)
0.001335;False;clear;com.fasterxml.jackson.databind.deser.BasicDeserializerFactory%findDefaultDeserializer#32@44$(1539,(1585,1585), rawType)
0.001332;True;clear;com.fasterxml.jackson.databind.deser.BeanDeserializerFactory%createBeanDeserializer#1@15$(101,(119,133), type)
0.001323;True;clear;com.fasterxml.jackson.databind.DeserializationContext%handleSecondaryContextualization#13@5$(682,(682,690), deser)
0.001323;True;clear;com.fasterxml.jackson.databind.DeserializationContext%handleSecondaryContextualization#13@6$(682,690, deser)
0.001316;False;clear;com.fasterxml.jackson.databind.deser.BasicDeserializerFactory%findDefaultDeserializer#32@26$(1539,(1554,1557), CLASS_CHAR_BUFFER)
0.001316;False;clear;com.fasterxml.jackson.databind.deser.BasicDeserializerFactory%findDefaultDeserializer#32@29$(1539,(1557,1566), CLASS_ITERABLE)
0.001316;False;clear;com.fasterxml.jackson.databind.deser.BasicDeserializerFactory%findDefaultDeserializer#32@32$(1539,(1566,1584), CLASS_MAP_ENTRY)
0.001316;False;clear;com.fasterxml.jackson.databind.deser.BasicDeserializerFactory%findDefaultDeserializer#32@38$(1539,(1554,1557), rawType)
0.001316;False;clear;com.fasterxml.jackson.databind.deser.BasicDeserializerFactory%findDefaultDeserializer#32@40$(1539,(1557,1566), rawType)
0.001316;False;clear;com.fasterxml.jackson.databind.deser.BasicDeserializerFactory%findDefaultDeserializer#32@42$(1539,(1566,1584), rawType)
0.001316;False;clear;com.fasterxml.jackson.databind.deser.BasicDeserializerFactory%findDefaultDeserializer#32@43$(1539,1584, rawType)
0.001314;False;clear;com.fasterxml.jackson.databind.deser.BasicDeserializerFactory%findDefaultDeserializer#32@23$(1539,(1554,1554), CLASS_STRING)
0.001314;False;clear;com.fasterxml.jackson.databind.deser.BasicDeserializerFactory%findDefaultDeserializer#32@35$(1539,(1554,1554), rawType)
0.001299;True;wrong;com.fasterxml.jackson.databind.ObjectMapper%_readMapAndClose#42@38$(3807,3813, result)
0.001295;False;wrong;com.fasterxml.jackson.databind.ObjectMapper%_readMapAndClose#42@33$(3802,3809, ctxt)
0.001289;False;clear;com.fasterxml.jackson.databind.type.SimpleType%equals#8@3$(309,(311,313), this)
0.001289;False;clear;com.fasterxml.jackson.databind.type.SimpleType%equals#8@12$(309,(311,313), o)
0.001289;False;clear;com.fasterxml.jackson.databind.type.SimpleType%equals#8@13$(309,313, o)
0.001289;False;wrong;com.fasterxml.jackson.databind.ObjectMapper%_readMapAndClose#42@6$(3792,3812, jp)
0.001289;False;wrong;com.fasterxml.jackson.databind.ObjectMapper%_readMapAndClose#42@7$(3792,3816, jp)
0.001280;False;clear;com.fasterxml.jackson.databind.deser.BeanDeserializerFactory%createBeanDeserializer#1@0$(101,133, this)
0.001280;False;clear;com.fasterxml.jackson.databind.deser.BeanDeserializerFactory%createBeanDeserializer#1@7$(101,133, ctxt)
0.001280;False;clear;com.fasterxml.jackson.databind.deser.BeanDeserializerFactory%createBeanDeserializer#1@13$(101,(111,119), type)
0.001280;False;clear;com.fasterxml.jackson.databind.deser.BeanDeserializerFactory%createBeanDeserializer#1@16$(101,133, type)
0.001280;False;clear;com.fasterxml.jackson.databind.deser.BeanDeserializerFactory%createBeanDeserializer#1@24$(101,133, beanDesc)
0.001280;False;clear;com.fasterxml.jackson.databind.deser.BeanDeserializerFactory%createBeanDeserializer#1@30$(103,(104,111), custom)
0.001276;False;clear;com.fasterxml.jackson.databind.type.SimpleType%equals#8@10$(309,(310,311), o)
0.001272;False;clear;com.fasterxml.jackson.databind.deser.BeanDeserializerFactory%findStdDeserializer#2@10$(168,177, deser)
0.001271;False;clear;com.fasterxml.jackson.databind.deser.BasicDeserializerFactory%findDefaultDeserializer#32@20$(1539,(1541,1554), CLASS_OBJECT)
0.001271;False;clear;com.fasterxml.jackson.databind.deser.BasicDeserializerFactory%findDefaultDeserializer#32@34$(1539,(1541,1554), rawType)
0.001269;True;clear;com.fasterxml.jackson.databind.deser.DeserializerCache%_createDeserializer2#7@0$(368,406, ctxt)
0.001269;True;clear;com.fasterxml.jackson.databind.deser.DeserializerCache%_createDeserializer2#7@8$(368,406, factory)
0.001269;True;clear;com.fasterxml.jackson.databind.deser.DeserializerCache%_createDeserializer2#7@24$(368,(403,406), type)
0.001269;True;clear;com.fasterxml.jackson.databind.deser.DeserializerCache%_createDeserializer2#7@25$(368,406, type)
0.001269;True;clear;com.fasterxml.jackson.databind.deser.DeserializerCache%_createDeserializer2#7@38$(368,406, beanDesc)
0.001269;True;clear;com.fasterxml.jackson.databind.deser.BasicDeserializerFactory%_findCustomBeanDeserializer#36@4$(1650,(1650,1656), i$)
0.001252;False;clear;com.fasterxml.jackson.databind.type.SimpleType%equals#8@1$(309,(309,310), this)
0.001252;False;clear;com.fasterxml.jackson.databind.type.SimpleType%equals#8@8$(309,(309,310), o)
0.001247;True;clear;com.fasterxml.jackson.databind.deser.DeserializerCache%_createAndCache2#5@24$(278,(294,299), isResolvable)
0.001241;True;clear;com.fasterxml.jackson.databind.deser.DeserializerCache%_createDeserializer#6@27$(321,352, type)
0.001239;True;wrong;com.fasterxml.jackson.databind.ObjectMapper%_readMapAndClose#42@9$(3792,3807, jp)
0.001239;True;wrong;com.fasterxml.jackson.databind.ObjectMapper%_readMapAndClose#42@30$(3801,(3804,3807), cfg)
0.001239;True;wrong;com.fasterxml.jackson.databind.ObjectMapper%_readMapAndClose#42@32$(3802,3807, ctxt)
0.001239;True;wrong;com.fasterxml.jackson.databind.ObjectMapper%_readMapAndClose#42@35$(3803,3807, deser)
0.001233;False;clear;com.fasterxml.jackson.databind.deser.DeserializerCache%_createDeserializer2#7@22$(368,(400,403), type)
0.001232;True;clear;com.fasterxml.jackson.databind.deser.DeserializerCache%_createDeserializer2#7@20$(368,(373,400), type)
0.001229;False;clear;com.fasterxml.jackson.databind.deser.DeserializerCache%_createDeserializer#6@22$(321,336, type)
0.001229;False;clear;com.fasterxml.jackson.databind.deser.DeserializerCache%_createDeserializer#6@24$(321,(337,343), type)
0.001225;False;wrong;com.fasterxml.jackson.databind.ObjectMapper%_readMapAndClose#42@0$(3792,3801, this)
0.001225;False;wrong;com.fasterxml.jackson.databind.ObjectMapper%_readMapAndClose#42@1$(3792,3802, this)
0.001225;False;wrong;com.fasterxml.jackson.databind.ObjectMapper%_readMapAndClose#42@2$(3792,3803, this)
0.001225;False;wrong;com.fasterxml.jackson.databind.ObjectMapper%_readMapAndClose#42@8$(3792,3802, jp)
0.001225;False;wrong;com.fasterxml.jackson.databind.ObjectMapper%_readMapAndClose#42@12$(3792,3803, valueType)
0.001225;False;wrong;com.fasterxml.jackson.databind.ObjectMapper%_readMapAndClose#42@16$(3792,(3793,3798), VALUE_NULL)
0.001225;False;wrong;com.fasterxml.jackson.databind.ObjectMapper%_readMapAndClose#42@17$(3792,(3798,3798), END_ARRAY)
0.001225;False;wrong;com.fasterxml.jackson.databind.ObjectMapper%_readMapAndClose#42@20$(3792,(3798,3801), END_OBJECT)
0.001225;False;wrong;com.fasterxml.jackson.databind.ObjectMapper%_readMapAndClose#42@22$(3792,(3793,3798), t)
0.001225;False;wrong;com.fasterxml.jackson.databind.ObjectMapper%_readMapAndClose#42@23$(3792,(3798,3798), t)
0.001225;False;wrong;com.fasterxml.jackson.databind.ObjectMapper%_readMapAndClose#42@26$(3792,(3798,3801), t)
0.001224;True;clear;com.fasterxml.jackson.databind.ObjectMapper%_findRootDeserializer#45@0$(3903,3913, this)
0.001224;False;clear;com.fasterxml.jackson.databind.ObjectMapper%_findRootDeserializer#45@1$(3903,3908, ctxt)
0.001224;False;clear;com.fasterxml.jackson.databind.ObjectMapper%_findRootDeserializer#45@3$(3903,3908, valueType)
0.001224;True;clear;com.fasterxml.jackson.databind.ObjectMapper%_findRootDeserializer#45@4$(3903,3913, valueType)
0.001224;True;clear;com.fasterxml.jackson.databind.ObjectMapper%_findRootDeserializer#45@6$(3903,3913, this._rootDeserializers)
0.001224;False;clear;com.fasterxml.jackson.databind.ObjectMapper%_findRootDeserializer#45@8$(3903,(3904,3908), deser)
0.001224;True;clear;com.fasterxml.jackson.databind.ObjectMapper%_findRootDeserializer#45@11$(3908,(3909,3913), deser)
0.001224;True;clear;com.fasterxml.jackson.databind.ObjectMapper%_findRootDeserializer#45@12$(3908,3913, deser)
0.001224;True;clear;com.fasterxml.jackson.databind.ObjectMapper%_findRootDeserializer#45@13$(3908,3914, deser)
0.001222;True;clear;com.fasterxml.jackson.databind.introspect.AnnotatedClass%_resolveClassAnnotations#15@7$(391,405, this)
0.001222;True;clear;com.fasterxml.jackson.databind.introspect.AnnotatedClass%_resolveClassAnnotations#15@8$(391,406, this)
0.001222;True;clear;com.fasterxml.jackson.databind.introspect.AnnotatedClass%_resolveClassAnnotations#15@21$(391,405, ca)
0.001222;True;clear;com.fasterxml.jackson.databind.introspect.AnnotatedClass%_resolveClassAnnotations#15@22$(391,406, ca)
0.001222;True;clear;com.fasterxml.jackson.databind.introspect.AnnotatedClass%_resolveClassAnnotations#15@24$(403,(403,403), i$)
0.001222;True;clear;com.fasterxml.jackson.databind.introspect.AnnotatedClass%_resolveClassAnnotations#15@26$(403,403, i$)
0.001222;True;clear;com.fasterxml.jackson.databind.introspect.AnnotatedClass%_addClassMixIns#19@0$(598,(598,599), this)
0.001222;True;clear;com.fasterxml.jackson.databind.introspect.AnnotatedClass%_addClassMixIns#19@2$(598,600, this)
0.001222;True;clear;com.fasterxml.jackson.databind.introspect.AnnotatedClass%_addClassMixIns#19@3$(598,600, annotations)
0.001222;True;clear;com.fasterxml.jackson.databind.introspect.AnnotatedClass%_addClassMixIns#19@4$(598,599, target)
0.001222;True;clear;com.fasterxml.jackson.databind.introspect.AnnotatedClass%_addClassMixIns#19@5$(598,(598,599), this._mixInResolver)
0.001222;True;clear;com.fasterxml.jackson.databind.introspect.AnnotatedClass%_addClassMixIns#19@7$(598,600, this._mixInResolver)
0.001220;True;clear;com.fasterxml.jackson.databind.cfg.DeserializerFactoryConfig%hasDeserializerModifiers#8@1$(182,(182,182), this)
0.001220;True;clear;com.fasterxml.jackson.databind.cfg.DeserializerFactoryConfig%hasDeserializerModifiers#8@3$(182,(182,182), this._modifiers)
0.001218;False;clear;com.fasterxml.jackson.databind.deser.DeserializerCache%_createDeserializer#6@20$(321,(324,327), type)
0.001218;False;clear;com.fasterxml.jackson.databind.deser.DeserializerCache%_createDeserializer#6@21$(321,327, type)
0.001218;True;clear;com.fasterxml.jackson.databind.util.ClassUtil%_addSuperTypes#3@6$(128,(134,137), type)
0.001218;True;clear;com.fasterxml.jackson.databind.util.ClassUtil%_addSuperTypes#3@7$(128,137, type)
0.001218;True;clear;com.fasterxml.jackson.databind.util.ClassUtil%_addSuperTypes#3@15$(128,(134,137), result)
0.001218;True;clear;com.fasterxml.jackson.databind.util.ClassUtil%_addSuperTypes#3@16$(128,137, result)
0.001218;False;clear;com.fasterxml.jackson.databind.util.ClassUtil%_addSuperTypes#3@17$(128,(133,134), addClassItself)
0.001212;False;clear;com.fasterxml.jackson.databind.deser.DeserializerCache%_createDeserializer#6@17$(321,(324,324), type)
0.001208;False;clear;com.fasterxml.jackson.databind.deser.DeserializerCache%_createDeserializer#6@14$(321,(324,324), type)
0.001192;True;clear;com.fasterxml.jackson.databind.ext.OptionalHandlerFactory%hasSuperClassStartingWith#2@4$(169,(170,171), supertype)
0.001188;True;clear;com.fasterxml.jackson.databind.DeserializationContext%findRootValueDeserializer#7@9$(482,489, deser)
0.001188;True;clear;com.fasterxml.jackson.databind.DeserializationContext%findRootValueDeserializer#7@12$(483,(484,489), typeDeser)
0.001182;True;clear;com.fasterxml.jackson.databind.deser.DeserializerCache%modifyTypeByAnnotation#11@36$(499,(500,522), contentType)
0.001182;True;wrong;com.fasterxml.jackson.databind.AnnotationIntrospector%refineDeserializationType#2@37$(1167,(1168,1183), contentType)
0.001182;True;clear;com.fasterxml.jackson.databind.deser.BasicDeserializerFactory%findTypeDeserializer#27@20$(1342,(1343,1344), b)
0.001178;True;clear;com.fasterxml.jackson.databind.ObjectMapper%_initForReading#43@6$(3847,(3848,3854), t)
0.001178;True;clear;com.fasterxml.jackson.databind.ObjectMapper%_initForReading#43@7$(3847,3854, t)
0.001176;False;clear;com.fasterxml.jackson.databind.ObjectMapper%_initForReading#43@0$(3838,3847, p)
0.001176;False;clear;com.fasterxml.jackson.databind.ObjectMapper%_initForReading#43@2$(3844,(3845,3847), t)
0.001171;False;clear;com.fasterxml.jackson.databind.deser.DeserializerCache%_createDeserializer2#7@18$(368,(370,373), type)
0.001164;True;clear;com.fasterxml.jackson.databind.introspect.JacksonAnnotationIntrospector%findPOJOBuilder#60@1$(1031,(1032,1032), ann)
0.001155;True;clear;com.fasterxml.jackson.databind.deser.DeserializerCache%_hasCustomValueHandler#12@1$(540,(540,546), t)
0.001153;True;clear;com.fasterxml.jackson.databind.introspect.BasicBeanDescription%findDeserializationConverter#27@1$(617,(617,620), this)
0.001153;True;clear;com.fasterxml.jackson.databind.introspect.BasicBeanDescription%findDeserializationConverter#27@2$(617,620, this)
0.001153;True;clear;com.fasterxml.jackson.databind.introspect.BasicBeanDescription%findDeserializationConverter#27@4$(617,(617,620), this._annotationIntrospector)
0.001153;True;clear;com.fasterxml.jackson.databind.introspect.BasicBeanDescription%findDeserializationConverter#27@5$(617,620, this._annotationIntrospector)
0.001153;True;clear;com.fasterxml.jackson.databind.introspect.BasicBeanDescription%findDeserializationConverter#27@6$(617,620, this._classInfo)
0.001149;True;clear;com.fasterxml.jackson.databind.introspect.JacksonAnnotationIntrospector%findDeserializationConverter#54@1$(975,(976,976), ann)
0.001147;False;clear;com.fasterxml.jackson.databind.deser.DeserializerCache%_createDeserializer#6@45$(327,352, beanDesc)
0.001145;False;clear;com.fasterxml.jackson.databind.deser.DeserializerCache%_createDeserializer#6@42$(327,343, beanDesc)
0.001145;False;clear;com.fasterxml.jackson.databind.deser.DeserializerCache%_createDeserializer#6@43$(327,350, beanDesc)
0.001145;False;clear;com.fasterxml.jackson.databind.deser.DeserializerCache%_createDeserializer#6@51$(336,(337,343), newType)
0.001144;False;clear;com.fasterxml.jackson.databind.deser.DeserializerCache%_createDeserializer#6@3$(321,352, this)
0.001144;False;clear;com.fasterxml.jackson.databind.deser.DeserializerCache%_createDeserializer#6@8$(321,352, ctxt)
0.001144;False;clear;com.fasterxml.jackson.databind.deser.DeserializerCache%_createDeserializer#6@12$(321,352, factory)
0.001144;False;clear;com.fasterxml.jackson.databind.deser.DeserializerCache%_createDeserializer#6@66$(350,(351,352), conv)
0.001144;True;clear;com.fasterxml.jackson.databind.introspect.BasicClassIntrospector%forDeserialization#1@2$(105,111, this)
0.001144;True;clear;com.fasterxml.jackson.databind.introspect.BasicClassIntrospector%forDeserialization#1@4$(105,111, cfg)
0.001144;True;clear;com.fasterxml.jackson.databind.introspect.BasicClassIntrospector%forDeserialization#1@7$(105,111, type)
0.001144;True;clear;com.fasterxml.jackson.databind.introspect.BasicClassIntrospector%forDeserialization#1@8$(105,111, r)
0.001144;True;clear;com.fasterxml.jackson.databind.introspect.BasicClassIntrospector%forDeserialization#1@13$(109,(110,111), desc)
0.001144;True;clear;com.fasterxml.jackson.databind.introspect.BasicClassIntrospector%forDeserialization#1@17$(111,115, desc)
0.001144;True;clear;com.fasterxml.jackson.databind.introspect.BasicClassIntrospector%forDeserialization#1@18$(111,117, desc)
0.001143;False;clear;com.fasterxml.jackson.databind.deser.DeserializerCache%_createDeserializer#6@1$(321,336, this)
0.001143;False;clear;com.fasterxml.jackson.databind.deser.DeserializerCache%_createDeserializer#6@5$(321,336, ctxt)
0.001143;False;clear;com.fasterxml.jackson.databind.deser.DeserializerCache%_createDeserializer#6@41$(327,336, beanDesc)
0.001143;False;clear;com.fasterxml.jackson.databind.deser.DeserializerCache%_createDeserializer#6@48$(329,(331,336), deser)
0.001143;False;clear;com.fasterxml.jackson.databind.deser.DeserializerCache%_createDeserializer#6@64$(343,(344,350), builder)
0.001140;True;clear;com.fasterxml.jackson.databind.introspect.BasicBeanDescription%findPOJOBuilder#25@1$(603,(603,603), this)
0.001140;True;clear;com.fasterxml.jackson.databind.introspect.BasicBeanDescription%findPOJOBuilder#25@4$(603,(603,603), this._annotationIntrospector)
0.001140;False;clear;com.fasterxml.jackson.databind.introspect.JacksonAnnotationIntrospector%findPOJOBuilder#60@0$(1031,1032, this)
0.001140;False;clear;com.fasterxml.jackson.databind.introspect.JacksonAnnotationIntrospector%findPOJOBuilder#60@3$(1031,1032, ann)
0.001139;True;clear;com.fasterxml.jackson.databind.introspect.JacksonAnnotationIntrospector%findDeserializer#51@1$(934,(935,942), ann)
0.001139;True;clear;com.fasterxml.jackson.databind.introspect.JacksonAnnotationIntrospector%findDeserializationType#57@1$(1003,(1004,1004), ann)
0.001139;True;wrong;com.fasterxml.jackson.databind.AnnotationIntrospector%refineDeserializationType#2@5$(1127,(1152,1167), type)
0.001138;True;clear;com.fasterxml.jackson.databind.deser.DeserializerCache%modifyTypeByAnnotation#11@10$(475,(483,499), type)
0.001136;True;wrong;com.fasterxml.jackson.databind.AnnotationIntrospector%refineDeserializationType#2@7$(1127,1183, type)
0.001135;False;clear;com.fasterxml.jackson.databind.deser.DeserializerCache%findValueDeserializer#0@0$(139,142, this)
0.001135;False;clear;com.fasterxml.jackson.databind.deser.DeserializerCache%findValueDeserializer#0@2$(139,142, ctxt)
0.001135;False;clear;com.fasterxml.jackson.databind.deser.DeserializerCache%findValueDeserializer#0@4$(139,142, factory)
0.001135;False;clear;com.fasterxml.jackson.databind.deser.DeserializerCache%findValueDeserializer#0@5$(139,142, propertyType)
0.001135;False;clear;com.fasterxml.jackson.databind.deser.DeserializerCache%findValueDeserializer#0@7$(139,(140,142), deser)
0.001135;True;clear;com.fasterxml.jackson.databind.deser.DeserializerCache%findValueDeserializer#0@11$(142,(143,151), deser)
0.001135;True;clear;com.fasterxml.jackson.databind.deser.DeserializerCache%findValueDeserializer#0@12$(142,151, deser)
0.001134;False;clear;com.fasterxml.jackson.databind.deser.DeserializerCache%_createAndCache2#5@0$(264,(280,280), this)
0.001134;False;clear;com.fasterxml.jackson.databind.deser.DeserializerCache%_createAndCache2#5@6$(264,(280,280), type)
0.001134;False;clear;com.fasterxml.jackson.databind.deser.DeserializerCache%_createAndCache2#5@15$(264,(271,278), deser)
0.001134;False;clear;com.fasterxml.jackson.databind.deser.DeserializerCache%_createAndCache2#5@16$(264,278, deser)
0.001134;False;clear;com.fasterxml.jackson.databind.deser.DeserializerCache%_createAndCache2#5@17$(264,302, deser)
0.001134;False;clear;com.fasterxml.jackson.databind.deser.DeserializerCache%_createDeserializer#6@0$(321,329, this)
0.001134;False;clear;com.fasterxml.jackson.databind.deser.DeserializerCache%_createDeserializer#6@4$(321,329, ctxt)
0.001134;False;clear;com.fasterxml.jackson.databind.deser.DeserializerCache%_createDeserializer#6@30$(321,327, config)
0.001134;False;clear;com.fasterxml.jackson.databind.deser.DeserializerCache%modifyTypeByAnnotation#11@11$(475,499, type)
0.001134;True;clear;com.fasterxml.jackson.databind.deser.DeserializerCache%modifyTypeByAnnotation#11@12$(475,522, type)
0.001134;True;clear;com.fasterxml.jackson.databind.deser.DeserializerCache%_createAndCacheValueDeserializer#4@3$(228,(247,248), this)
0.001134;True;clear;com.fasterxml.jackson.databind.deser.DeserializerCache%_createAndCacheValueDeserializer#4@12$(228,(247,248), this._incompleteDeserializers)
0.001134;False;clear;com.fasterxml.jackson.databind.deser.DeserializerCache%_createAndCacheValueDeserializer#4@20$(234,(247,247), count)
0.001134;False;wrong;com.fasterxml.jackson.databind.AnnotationIntrospector%refineDeserializationType#2@6$(1127,1167, type)
0.001134;True;wrong;com.fasterxml.jackson.databind.AnnotationIntrospector%refineDeserializationType#2@18$(1138,(1139,1152), valueClass)
0.001133;False;clear;com.fasterxml.jackson.databind.introspect.BasicBeanDescription%findPOJOBuilder#25@2$(603,603, this)
0.001133;False;clear;com.fasterxml.jackson.databind.introspect.BasicBeanDescription%findPOJOBuilder#25@5$(603,603, this._annotationIntrospector)
0.001133;False;clear;com.fasterxml.jackson.databind.introspect.BasicBeanDescription%findPOJOBuilder#25@6$(603,603, this._classInfo)
0.001133;False;clear;com.fasterxml.jackson.databind.introspect.JacksonAnnotationIntrospector%findDeserializationConverter#54@0$(975,976, this)
0.001133;False;clear;com.fasterxml.jackson.databind.introspect.JacksonAnnotationIntrospector%findDeserializationConverter#54@3$(975,976, ann)
0.001133;False;clear;com.fasterxml.jackson.databind.introspect.JacksonAnnotationIntrospector%findDeserializationType#57@0$(1003,1004, this)
0.001133;False;clear;com.fasterxml.jackson.databind.introspect.JacksonAnnotationIntrospector%findDeserializationType#57@3$(1003,1004, ann)
0.001133;False;clear;com.fasterxml.jackson.databind.deser.DeserializerCache%modifyTypeByAnnotation#11@1$(475,522, ctxt)
0.001133;False;clear;com.fasterxml.jackson.databind.deser.DeserializerCache%modifyTypeByAnnotation#11@4$(475,522, a)
0.001133;False;clear;com.fasterxml.jackson.databind.deser.DeserializerCache%modifyTypeByAnnotation#11@18$(475,(476,483), intr)
0.001133;False;clear;com.fasterxml.jackson.databind.deser.DeserializerCache%modifyTypeByAnnotation#11@19$(475,522, intr)
0.001133;True;clear;com.fasterxml.jackson.databind.deser.DeserializerCache%findDeserializerFromAnnotation#8@5$(418,(419,420), deserDef)
0.001127;False;clear;com.fasterxml.jackson.databind.DeserializationContext%findRootValueDeserializer#7@0$(477,482, this)
0.001127;False;clear;com.fasterxml.jackson.databind.DeserializationContext%findRootValueDeserializer#7@1$(477,483, this)
0.001127;False;clear;com.fasterxml.jackson.databind.DeserializationContext%findRootValueDeserializer#7@2$(477,482, type)
0.001127;False;clear;com.fasterxml.jackson.databind.DeserializationContext%findRootValueDeserializer#7@3$(477,483, type)
0.001127;False;clear;com.fasterxml.jackson.databind.DeserializationContext%findRootValueDeserializer#7@4$(477,483, this._factory)
0.001127;False;clear;com.fasterxml.jackson.databind.DeserializationContext%findRootValueDeserializer#7@5$(477,483, this._config)
0.001127;False;clear;com.fasterxml.jackson.databind.DeserializationContext%findRootValueDeserializer#7@7$(477,(479,482), deser)
0.001127;False;clear;com.fasterxml.jackson.databind.DeserializationContext%findRootValueDeserializer#7@8$(477,482, deser)
0.001127;False;clear;com.fasterxml.jackson.databind.deser.BasicDeserializerFactory%findTypeDeserializer#27@4$(1332,1342, config)
0.001127;False;clear;com.fasterxml.jackson.databind.deser.BasicDeserializerFactory%findTypeDeserializer#27@11$(1332,1342, baseType)
0.001127;False;clear;com.fasterxml.jackson.databind.deser.BasicDeserializerFactory%findTypeDeserializer#27@13$(1335,(1341,1342), b)
0.001126;False;clear;com.fasterxml.jackson.databind.DeserializationConfig%getDefaultVisibilityChecker#27@7$(773,(783,786), this)
0.001126;False;clear;com.fasterxml.jackson.databind.DeserializationConfig%getDefaultVisibilityChecker#27@22$(773,(783,786), AUTO_DETECT_IS_GETTERS)
0.001126;True;clear;com.fasterxml.jackson.databind.DeserializationConfig%getDefaultVisibilityChecker#27@25$(773,789, vchecker)
0.001126;True;clear;com.fasterxml.jackson.databind.util.ClassUtil%_addSuperTypes#3@0$(128,(128,129), type)
0.001125;False;clear;com.fasterxml.jackson.databind.introspect.BasicClassIntrospector%forDeserialization#1@0$(105,109, this)
0.001125;False;clear;com.fasterxml.jackson.databind.introspect.BasicClassIntrospector%forDeserialization#1@1$(105,115, this)
0.001125;False;clear;com.fasterxml.jackson.databind.introspect.BasicClassIntrospector%forDeserialization#1@3$(105,109, cfg)
0.001125;False;clear;com.fasterxml.jackson.databind.introspect.BasicClassIntrospector%forDeserialization#1@5$(105,109, type)
0.001125;False;clear;com.fasterxml.jackson.databind.introspect.BasicClassIntrospector%forDeserialization#1@6$(105,115, type)
0.001125;False;clear;com.fasterxml.jackson.databind.introspect.BasicClassIntrospector%forDeserialization#1@9$(105,115, this._cachedFCA)
0.001125;False;clear;com.fasterxml.jackson.databind.introspect.BasicClassIntrospector%forDeserialization#1@10$(105,(106,109), desc)
0.001125;False;clear;com.fasterxml.jackson.databind.DeserializationConfig%getDefaultVisibilityChecker#27@3$(773,(777,780), this)
0.001125;False;clear;com.fasterxml.jackson.databind.DeserializationConfig%getDefaultVisibilityChecker#27@5$(773,(780,783), this)
0.001125;False;clear;com.fasterxml.jackson.databind.DeserializationConfig%getDefaultVisibilityChecker#27@18$(773,(777,780), AUTO_DETECT_CREATORS)
0.001125;False;clear;com.fasterxml.jackson.databind.DeserializationConfig%getDefaultVisibilityChecker#27@20$(773,(780,783), AUTO_DETECT_GETTERS)
0.001124;False;clear;com.fasterxml.jackson.databind.deser.DeserializerCache%_createAndCacheValueDeserializer#4@0$(228,234, this)
0.001124;False;clear;com.fasterxml.jackson.databind.deser.DeserializerCache%_createAndCacheValueDeserializer#4@1$(228,244, this)
0.001124;False;clear;com.fasterxml.jackson.databind.deser.DeserializerCache%_createAndCacheValueDeserializer#4@6$(228,244, ctxt)
0.001124;False;clear;com.fasterxml.jackson.databind.deser.DeserializerCache%_createAndCacheValueDeserializer#4@7$(228,244, factory)
0.001124;False;clear;com.fasterxml.jackson.databind.deser.DeserializerCache%_createAndCacheValueDeserializer#4@8$(228,244, type)
0.001124;False;clear;com.fasterxml.jackson.databind.deser.DeserializerCache%_createAndCacheValueDeserializer#4@10$(228,234, this._incompleteDeserializers)
0.001124;False;clear;com.fasterxml.jackson.databind.deser.DeserializerCache%_createAndCacheValueDeserializer#4@16$(230,(231,234), deser)
0.001124;True;clear;com.fasterxml.jackson.databind.deser.DeserializerCache%_createAndCacheValueDeserializer#4@19$(234,(236,244), count)
0.001124;False;clear;com.fasterxml.jackson.databind.DeserializationConfig%getDefaultVisibilityChecker#27@1$(773,(774,777), this)
0.001124;False;clear;com.fasterxml.jackson.databind.DeserializationConfig%getDefaultVisibilityChecker#27@9$(773,(786,789), this)
0.001124;False;clear;com.fasterxml.jackson.databind.DeserializationConfig%getDefaultVisibilityChecker#27@11$(773,(774,777), AUTO_DETECT_SETTERS)
0.001124;False;clear;com.fasterxml.jackson.databind.DeserializationConfig%getDefaultVisibilityChecker#27@24$(773,(786,789), AUTO_DETECT_FIELDS)
0.001116;True;clear;com.fasterxml.jackson.databind.deser.DeserializerCache%_findCachedDeserializer#3@1$(204,(207,210), this)
0.001116;True;clear;com.fasterxml.jackson.databind.deser.DeserializerCache%_findCachedDeserializer#3@2$(204,210, this)
0.001116;False;clear;com.fasterxml.jackson.databind.deser.DeserializerCache%_findCachedDeserializer#3@4$(204,(204,207), type)
0.001116;True;clear;com.fasterxml.jackson.databind.deser.DeserializerCache%_findCachedDeserializer#3@6$(204,(207,210), type)
0.001116;True;clear;com.fasterxml.jackson.databind.deser.DeserializerCache%_findCachedDeserializer#3@7$(204,210, type)
0.001116;True;clear;com.fasterxml.jackson.databind.deser.DeserializerCache%_findCachedDeserializer#3@8$(204,210, this._cachedDeserializers)
0.001103;True;clear;com.fasterxml.jackson.databind.DeserializationConfig%getAnnotationIntrospector#26@0$(745,(745,746), this)
0.001103;True;clear;com.fasterxml.jackson.databind.DeserializationConfig%getAnnotationIntrospector#26@2$(745,746, this)
0.001103;True;clear;com.fasterxml.jackson.databind.DeserializationConfig%getAnnotationIntrospector#26@3$(745,(745,746), USE_ANNOTATIONS)
0.001098;True;clear;com.fasterxml.jackson.databind.DeserializationConfig%useRootWrapping#28@1$(824,(824,827), this)
0.001098;True;clear;com.fasterxml.jackson.databind.DeserializationConfig%useRootWrapping#28@2$(824,827, this)
0.001098;True;clear;com.fasterxml.jackson.databind.DeserializationConfig%useRootWrapping#28@6$(824,(824,827), this._rootName)
0.001098;True;clear;com.fasterxml.jackson.databind.DeserializationConfig%useRootWrapping#28@9$(824,827, UNWRAP_ROOT_VALUE)
0.001079;False;clear;com.fasterxml.jackson.databind.ext.OptionalHandlerFactory%hasSuperClassStartingWith#2@2$(169,(169,170), supertype)
0.001075;True;clear;com.fasterxml.jackson.databind.DeserializationConfig%isEnabled#29@1$(831,(831,831), this)
0.001075;True;clear;com.fasterxml.jackson.databind.DeserializationConfig%isEnabled#29@3$(831,(831,831), f)
0.001075;True;clear;com.fasterxml.jackson.databind.DeserializationConfig%isEnabled#29@5$(831,(831,831), this._deserFeatures)
0.001071;True;clear;com.fasterxml.jackson.databind.DeserializationConfig%initialize#25@1$(721,(721,724), this)
0.001071;True;clear;com.fasterxml.jackson.databind.DeserializationConfig%initialize#25@9$(721,(721,724), this._parserFeaturesToChange)
0.001070;True;clear;com.fasterxml.jackson.databind.DeserializationConfig%initialize#25@3$(721,(724,727), this)
0.001070;True;clear;com.fasterxml.jackson.databind.DeserializationConfig%initialize#25@13$(721,(724,727), this._formatReadFeaturesToChange)
0.001041;True;clear;com.fasterxml.jackson.databind.type.TypeFactory%_fromClass#21@108$(1211,1232, superClass)
0.001041;True;clear;com.fasterxml.jackson.databind.type.TypeFactory%_fromClass#21@113$(1212,1232, superInterfaces)
0.001040;True;clear;com.fasterxml.jackson.databind.type.TypeFactory%_fromClass#21@138$(1232,1239, result)
0.000973;True;clear;com.fasterxml.jackson.databind.type.TypeFactory%_fromClass#21@76$(1183,1229, context)
0.000972;True;clear;com.fasterxml.jackson.databind.util.ClassUtil$ClassMetadata%getGenericInterfaces#2@0$(1042,1044, this)
0.000972;True;clear;com.fasterxml.jackson.databind.util.ClassUtil$ClassMetadata%getGenericInterfaces#2@1$(1042,1045, this)
0.000972;True;clear;com.fasterxml.jackson.databind.util.ClassUtil$ClassMetadata%getGenericInterfaces#2@2$(1042,1044, this._forClass)
0.000972;True;clear;com.fasterxml.jackson.databind.util.ClassUtil$ClassMetadata%getGenericInterfaces#2@3$(1042,(1043,1044), result)
0.000972;True;clear;com.fasterxml.jackson.databind.util.ClassUtil$ClassMetadata%getGenericInterfaces#2@6$(1044,1047, result)
0.000971;True;clear;com.fasterxml.jackson.databind.util.ClassUtil$ClassMetadata%getDeclaredAnnotations#3@7$(1053,(1054,1058), result)
0.000971;True;clear;com.fasterxml.jackson.databind.util.ClassUtil$ClassMetadata%getDeclaredAnnotations#3@8$(1053,1058, result)
0.000950;False;clear;com.fasterxml.jackson.databind.type.TypeFactory%_fromClass#21@75$(1183,1227, context)
0.000947;True;clear;com.fasterxml.jackson.databind.util.ClassUtil$ClassMetadata%getDeclaredAnnotations#3@1$(1053,(1055,1055), this)
0.000946;False;clear;com.fasterxml.jackson.databind.type.TypeFactory%_fromClass#21@3$(1165,1239, this)
0.000946;False;clear;com.fasterxml.jackson.databind.type.TypeFactory%_fromClass#21@47$(1165,1239, this._typeCache)
0.000946;False;clear;com.fasterxml.jackson.databind.type.TypeFactory%_fromClass#21@58$(1172,(1238,1239), key)
0.000946;False;clear;com.fasterxml.jackson.databind.type.TypeFactory%_fromClass#21@60$(1172,1239, key)
0.000946;False;clear;com.fasterxml.jackson.databind.type.TypeFactory%_fromClass#21@62$(1173,(1174,1182), result)
0.000943;False;clear;com.fasterxml.jackson.databind.util.ClassUtil$ClassMetadata%getDeclaredAnnotations#3@2$(1053,1055, this)
0.000943;False;clear;com.fasterxml.jackson.databind.util.ClassUtil$ClassMetadata%getDeclaredAnnotations#3@3$(1053,1056, this)
0.000943;False;clear;com.fasterxml.jackson.databind.util.ClassUtil$ClassMetadata%getDeclaredAnnotations#3@4$(1053,1055, this._forClass)
0.000943;False;clear;com.fasterxml.jackson.databind.util.ClassUtil$ClassMetadata%getDeclaredAnnotations#3@5$(1053,1055, NO_ANNOTATIONS)
0.000943;False;clear;com.fasterxml.jackson.databind.util.ClassUtil$ClassMetadata%getDeclaredAnnotations#3@6$(1053,(1054,1055), result)
0.000943;False;clear;com.fasterxml.jackson.databind.util.ClassUtil$ClassMetadata%getDeclaredAnnotations#3@9$(1055,1058, result)
0.000926;True;clear;com.fasterxml.jackson.databind.util.ClassUtil$ClassMetadata%isObjectOrPrimitive#8@3$(1115,(1115,1115), this)
0.000926;True;clear;com.fasterxml.jackson.databind.util.ClassUtil$ClassMetadata%isObjectOrPrimitive#8@7$(1115,(1115,1115), this._forClass)
0.000925;False;clear;com.fasterxml.jackson.databind.util.ClassUtil$ClassMetadata%isObjectOrPrimitive#8@0$(1115,(1115,1115), this)
0.000925;False;clear;com.fasterxml.jackson.databind.util.ClassUtil$ClassMetadata%isObjectOrPrimitive#8@4$(1115,(1115,1115), this._forClass)
0.000921;False;clear;com.fasterxml.jackson.databind.type.TypeFactory%_fromWellKnownInterface#25@5$(1299,(1301,1307), intCount)
0.000921;False;clear;com.fasterxml.jackson.databind.type.TypeFactory%_fromClass#21@6$(1165,1232, this)
0.000921;False;clear;com.fasterxml.jackson.databind.type.TypeFactory%_fromClass#21@26$(1165,1232, rawType)
0.000921;False;clear;com.fasterxml.jackson.databind.type.TypeFactory%_fromClass#21@39$(1165,1232, bindings)
0.000921;False;clear;com.fasterxml.jackson.databind.type.TypeFactory%_fromClass#21@131$(1229,(1230,1232), result)
0.000921;False;clear;com.fasterxml.jackson.databind.type.TypeFactory%_fromClass#21@136$(1232,1237, result)
0.000921;False;clear;com.fasterxml.jackson.databind.type.TypeFactory%_fromClass#21@137$(1232,1241, result)
0.000917;True;clear;com.fasterxml.jackson.databind.type.TypeFactory%_findWellKnownSimple#19@4$(1086,(1092,1092), clz)
0.000917;True;clear;com.fasterxml.jackson.databind.type.TypeFactory%_findWellKnownSimple#19@24$(1086,(1092,1092), CLS_OBJECT)
0.000917;True;clear;com.fasterxml.jackson.databind.type.TypeFactory%_findWellKnownSimple#19@26$(1086,1092, CORE_TYPE_OBJECT)
0.000904;True;clear;com.fasterxml.jackson.databind.type.TypeFactory%_fromClass#21@72$(1183,1211, context)
0.000904;True;clear;com.fasterxml.jackson.databind.type.TypeFactory%_fromClass#21@73$(1183,1212, context)
0.000904;False;clear;com.fasterxml.jackson.databind.util.ClassUtil%_getMetadata#16@0$(450,452, cls)
0.000904;False;clear;com.fasterxml.jackson.databind.util.ClassUtil%_getMetadata#16@1$(450,455, cls)
0.000904;False;clear;com.fasterxml.jackson.databind.util.ClassUtil%_getMetadata#16@2$(450,455, sCached)
0.000904;False;clear;com.fasterxml.jackson.databind.util.ClassUtil%_getMetadata#16@3$(450,(451,452), md)
0.000904;True;clear;com.fasterxml.jackson.databind.util.ClassUtil%_getMetadata#16@6$(452,460, md)
0.000904;True;clear;com.fasterxml.jackson.databind.util.ClassUtil%_getMetadata#16@8$(455,(456,460), old)
0.000898;True;clear;com.fasterxml.jackson.databind.type.TypeFactory%_fromClass#21@121$(1223,(1226,1227), result)
0.000898;False;clear;com.fasterxml.jackson.databind.type.TypeFactory%_fromClass#21@27$(1165,1223, rawType)
0.000898;False;clear;com.fasterxml.jackson.databind.type.TypeFactory%_fromClass#21@40$(1165,1223, bindings)
0.000898;True;clear;com.fasterxml.jackson.databind.type.TypeFactory%_fromClass#21@104$(1211,(1222,1223), superClass)
0.000898;False;clear;com.fasterxml.jackson.databind.type.TypeFactory%_fromClass#21@107$(1211,1229, superClass)
0.000898;True;clear;com.fasterxml.jackson.databind.type.TypeFactory%_fromClass#21@109$(1211,1223, superClass)
0.000898;False;clear;com.fasterxml.jackson.databind.type.TypeFactory%_fromClass#21@112$(1212,1229, superInterfaces)
0.000898;True;clear;com.fasterxml.jackson.databind.type.TypeFactory%_fromClass#21@114$(1212,1223, superInterfaces)
0.000898;True;clear;com.fasterxml.jackson.databind.type.TypeFactory%_resolveSuperClass#22@0$(1246,1250, this)
0.000898;True;clear;com.fasterxml.jackson.databind.type.TypeFactory%_resolveSuperClass#22@1$(1246,1250, context)
0.000898;True;clear;com.fasterxml.jackson.databind.type.TypeFactory%_resolveSuperClass#22@2$(1246,1250, parentBindings)
0.000898;True;clear;com.fasterxml.jackson.databind.type.TypeFactory%_resolveSuperClass#22@4$(1246,(1247,1250), parent)
0.000898;True;clear;com.fasterxml.jackson.databind.type.TypeFactory%_resolveSuperClass#22@5$(1246,1250, parent)
0.000891;False;clear;com.fasterxml.jackson.databind.type.TypeFactory%_fromClass#21@106$(1211,1227, superClass)
0.000891;False;clear;com.fasterxml.jackson.databind.type.TypeFactory%_fromClass#21@111$(1212,1227, superInterfaces)
0.000890;False;clear;com.fasterxml.jackson.databind.type.TypeFactory%_fromClass#21@1$(1165,1211, this)
0.000890;False;clear;com.fasterxml.jackson.databind.type.TypeFactory%_fromClass#21@2$(1165,1212, this)
0.000890;False;clear;com.fasterxml.jackson.databind.type.TypeFactory%_fromClass#21@19$(1165,(1206,1211), rawType)
0.000890;False;clear;com.fasterxml.jackson.databind.type.TypeFactory%_fromClass#21@20$(1165,1211, rawType)
0.000890;False;clear;com.fasterxml.jackson.databind.type.TypeFactory%_fromClass#21@21$(1165,1212, rawType)
0.000890;False;clear;com.fasterxml.jackson.databind.type.TypeFactory%_fromClass#21@35$(1165,1211, bindings)
0.000890;False;clear;com.fasterxml.jackson.databind.type.TypeFactory%_fromClass#21@36$(1165,1212, bindings)
0.000888;False;clear;com.fasterxml.jackson.databind.type.TypeFactory%_fromClass#21@5$(1165,1229, this)
0.000888;False;clear;com.fasterxml.jackson.databind.type.TypeFactory%_fromClass#21@25$(1165,1229, rawType)
0.000888;False;clear;com.fasterxml.jackson.databind.type.TypeFactory%_fromClass#21@38$(1165,1229, bindings)
0.000888;False;clear;com.fasterxml.jackson.databind.type.TypeFactory%_fromClass#21@126$(1227,(1228,1229), result)
0.000888;True;clear;com.fasterxml.jackson.databind.type.TypeFactory%_fromWellKnownClass#24@8$(1277,(1284,1291), rawType)
0.000883;False;clear;com.fasterxml.jackson.databind.type.TypeFactory%_fromWellKnownClass#24@4$(1277,(1277,1280), rawType)
0.000883;False;clear;com.fasterxml.jackson.databind.type.TypeFactory%_fromWellKnownClass#24@6$(1277,(1280,1284), rawType)
0.000881;False;clear;com.fasterxml.jackson.databind.type.TypeFactory%_fromClass#21@4$(1165,1227, this)
0.000881;False;clear;com.fasterxml.jackson.databind.type.TypeFactory%_fromClass#21@24$(1165,1227, rawType)
0.000881;False;clear;com.fasterxml.jackson.databind.type.TypeFactory%_fromClass#21@37$(1165,1227, bindings)
0.000880;False;clear;com.fasterxml.jackson.databind.type.TypeFactory%_resolveSuperInterfaces#23@4$(1255,(1256,1256), types)
0.000880;False;clear;com.fasterxml.jackson.databind.type.TypeFactory%_fromClass#21@17$(1165,(1197,1206), rawType)
0.000880;False;clear;com.fasterxml.jackson.databind.type.TypeFactory%_fromClass#21@23$(1165,(1216,1222), rawType)
0.000865;True;clear;com.fasterxml.jackson.databind.type.ClassStack%resolveSelfReferences#1@1$(55,(55,60), this)
0.000865;True;clear;com.fasterxml.jackson.databind.type.ClassStack%resolveSelfReferences#1@5$(55,(55,60), this._selfRefs)
0.000865;False;clear;com.fasterxml.jackson.databind.type.TypeFactory%_fromClass#21@9$(1165,(1182,1183), context)
0.000865;False;clear;com.fasterxml.jackson.databind.type.TypeFactory%_fromClass#21@32$(1165,1183, rawType)
0.000865;False;clear;com.fasterxml.jackson.databind.type.TypeFactory%_fromClass#21@74$(1183,1237, context)
0.000858;True;clear;com.fasterxml.jackson.databind.type.TypeBase%<init>#0@4$(45,(46,46), bindings)
0.000858;False;clear;com.fasterxml.jackson.databind.type.TypeBase%<init>#0@0$(45,46, this)
0.000858;False;clear;com.fasterxml.jackson.databind.type.TypeBase%<init>#0@1$(45,47, this)
0.000858;False;clear;com.fasterxml.jackson.databind.type.TypeBase%<init>#0@2$(45,48, this)
0.000858;False;clear;com.fasterxml.jackson.databind.type.TypeBase%<init>#0@5$(45,46, bindings)
0.000858;False;clear;com.fasterxml.jackson.databind.type.TypeBase%<init>#0@6$(45,47, superClass)
0.000858;False;clear;com.fasterxml.jackson.databind.type.TypeBase%<init>#0@7$(45,48, superInts)
0.000858;False;clear;com.fasterxml.jackson.databind.type.TypeBase%<init>#0@8$(45,46, NO_BINDINGS)
0.000818;True;clear;com.fasterxml.jackson.databind.introspect.BasicClassIntrospector%_isStdJDKCollection#7@1$(247,(247,248), type)
0.000817;True;clear;com.fasterxml.jackson.databind.util.ClassUtil%_addSuperTypes#3@21$(131,(132,132), cls)
0.000804;True;clear;com.fasterxml.jackson.databind.introspect.BasicClassIntrospector%forClassAnnotations#3@15$(158,(159,165), desc)
0.000804;True;clear;com.fasterxml.jackson.databind.introspect.BasicClassIntrospector%forClassAnnotations#3@16$(158,165, desc)
0.000787;True;clear;com.fasterxml.jackson.databind.introspect.POJOPropertiesCollector%getObjectIdInfo#5@11$(230,(231,234), info)
0.000787;True;clear;com.fasterxml.jackson.databind.introspect.POJOPropertiesCollector%getObjectIdInfo#5@12$(230,234, info)
0.000786;True;clear;com.fasterxml.jackson.databind.introspect.BasicBeanDescription%_createConverter#30@3$(676,(676,677), converterDef)
0.000784;True;clear;com.fasterxml.jackson.databind.type.TypeFactory%_fromClass#21@50$(1165,(1166,1167), result)
0.000784;True;clear;com.fasterxml.jackson.databind.type.TypeFactory%_fromClass#21@57$(1165,1167, result)
0.000782;True;clear;com.fasterxml.jackson.databind.util.ArrayIterator%hasNext#0@1$(22,(22,22), this)
0.000782;True;clear;com.fasterxml.jackson.databind.util.ArrayIterator%hasNext#0@3$(22,(22,22), this._a)
0.000782;True;clear;com.fasterxml.jackson.databind.util.ArrayIterator%hasNext#0@5$(22,(22,22), this._index)
0.000782;True;clear;com.fasterxml.jackson.databind.introspect.SimpleMixInResolver%findMixInClassFor#3@4$(92,(93,96), this)
0.000782;True;clear;com.fasterxml.jackson.databind.introspect.SimpleMixInResolver%findMixInClassFor#3@12$(92,(93,96), this._localMixIns)
0.000782;False;clear;com.fasterxml.jackson.databind.introspect.SimpleMixInResolver%findMixInClassFor#3@16$(92,96, mixin)
0.000781;True;clear;com.fasterxml.jackson.databind.introspect.JacksonAnnotationIntrospector%findObjectIdInfo#29@1$(567,(568,569), info)
0.000781;False;clear;com.fasterxml.jackson.databind.introspect.POJOPropertiesCollector%getObjectIdInfo#5@1$(227,(227,230), this)
0.000781;False;clear;com.fasterxml.jackson.databind.introspect.POJOPropertiesCollector%getObjectIdInfo#5@2$(227,230, this)
0.000781;False;clear;com.fasterxml.jackson.databind.introspect.POJOPropertiesCollector%getObjectIdInfo#5@5$(227,(227,230), this._annotationIntrospector)
0.000781;False;clear;com.fasterxml.jackson.databind.introspect.POJOPropertiesCollector%getObjectIdInfo#5@6$(227,230, this._annotationIntrospector)
0.000781;False;clear;com.fasterxml.jackson.databind.introspect.POJOPropertiesCollector%getObjectIdInfo#5@8$(227,230, this._classDef)
0.000780;True;clear;com.fasterxml.jackson.databind.introspect.BasicBeanDescription%<init>#0@1$(84,(87,87), this)
0.000780;False;clear;com.fasterxml.jackson.databind.introspect.BasicBeanDescription%<init>#0@2$(84,87, this)
0.000780;False;clear;com.fasterxml.jackson.databind.introspect.BasicBeanDescription%<init>#0@3$(84,88, this)
0.000780;False;clear;com.fasterxml.jackson.databind.introspect.BasicBeanDescription%<init>#0@4$(84,88, classDef)
0.000780;True;clear;com.fasterxml.jackson.databind.introspect.BasicBeanDescription%<init>#0@6$(86,(87,87), this._config)
0.000780;False;clear;com.fasterxml.jackson.databind.introspect.BasicBeanDescription%<init>#0@7$(86,87, this._config)
0.000780;True;clear;com.fasterxml.jackson.databind.introspect.BasicClassIntrospector%_findStdJdkCollectionDesc#8@1$(269,(269,273), this)
0.000780;True;clear;com.fasterxml.jackson.databind.introspect.BasicClassIntrospector%_findStdJdkCollectionDesc#8@5$(269,(269,273), type)
0.000776;False;clear;com.fasterxml.jackson.databind.introspect.BasicClassIntrospector%forClassAnnotations#3@0$(156,158, this)
0.000776;False;clear;com.fasterxml.jackson.databind.introspect.BasicClassIntrospector%forClassAnnotations#3@4$(156,158, type)
0.000776;False;clear;com.fasterxml.jackson.databind.introspect.BasicClassIntrospector%forClassAnnotations#3@9$(156,158, this._cachedFCA)
0.000776;False;clear;com.fasterxml.jackson.databind.introspect.BasicClassIntrospector%forClassAnnotations#3@11$(156,(157,158), desc)
0.000772;True;clear;com.fasterxml.jackson.databind.type.TypeBase%getInterfaces#2@3$(119,(122,124), this)
0.000772;True;clear;com.fasterxml.jackson.databind.type.TypeBase%getInterfaces#2@10$(119,(122,124), this._superInterfaces)
0.000771;True;clear;com.fasterxml.jackson.databind.introspect.POJOPropertiesCollector%<init>#0@3$(114,(123,126), this)
0.000771;True;clear;com.fasterxml.jackson.databind.introspect.POJOPropertiesCollector%<init>#0@4$(114,126, this)
0.000771;True;clear;com.fasterxml.jackson.databind.introspect.POJOPropertiesCollector%<init>#0@6$(114,(121,121), config)
0.000771;True;clear;com.fasterxml.jackson.databind.introspect.POJOPropertiesCollector%<init>#0@8$(114,126, classDef)
0.000771;True;clear;com.fasterxml.jackson.databind.introspect.POJOPropertiesCollector%<init>#0@13$(115,126, this._config)
0.000771;True;clear;com.fasterxml.jackson.databind.introspect.POJOPropertiesCollector%<init>#0@16$(121,(123,126), this._annotationIntrospector)
0.000771;True;clear;com.fasterxml.jackson.databind.introspect.POJOPropertiesCollector%<init>#0@17$(121,126, this._annotationIntrospector)
0.000771;False;clear;com.fasterxml.jackson.databind.type.TypeBase%getInterfaces#2@1$(119,(119,122), this)
0.000771;False;clear;com.fasterxml.jackson.databind.type.TypeBase%getInterfaces#2@8$(119,(119,122), this._superInterfaces)
0.000770;False;clear;com.fasterxml.jackson.databind.introspect.POJOPropertiesCollector%<init>#0@0$(114,120, this)
0.000770;False;clear;com.fasterxml.jackson.databind.introspect.POJOPropertiesCollector%<init>#0@1$(114,121, this)
0.000770;True;clear;com.fasterxml.jackson.databind.introspect.POJOPropertiesCollector%<init>#0@10$(114,(120,120), mutatorPrefix)
0.000770;False;clear;com.fasterxml.jackson.databind.introspect.POJOPropertiesCollector%<init>#0@11$(114,120, mutatorPrefix)
0.000770;False;clear;com.fasterxml.jackson.databind.introspect.POJOPropertiesCollector%<init>#0@12$(115,121, this._config)
0.000769;True;clear;com.fasterxml.jackson.databind.introspect.JacksonAnnotationIntrospector%_findTypeResolver#70@16$(1189,(1202,1203), info)
0.000767;True;clear;com.fasterxml.jackson.databind.introspect.JacksonAnnotationIntrospector%findAutoDetectVisibility#12@1$(330,(331,331), ann)
0.000765;False;clear;com.fasterxml.jackson.databind.introspect.JacksonAnnotationIntrospector%_findTypeResolver#70@28$(1190,(1192,1202), resAnn)
0.000764;True;clear;com.fasterxml.jackson.databind.introspect.AnnotatedClass%_addClassMixIns#20@0$(606,(606,607), this)
0.000764;True;clear;com.fasterxml.jackson.databind.introspect.AnnotatedClass%_addClassMixIns#20@2$(606,607, this)
0.000764;True;clear;com.fasterxml.jackson.databind.introspect.AnnotatedClass%_addClassMixIns#20@3$(606,607, annotations)
0.000764;True;clear;com.fasterxml.jackson.databind.introspect.AnnotatedClass%_addClassMixIns#20@4$(606,607, target)
0.000764;True;clear;com.fasterxml.jackson.databind.introspect.AnnotatedClass%_addClassMixIns#20@5$(606,(606,607), this._mixInResolver)
0.000764;True;clear;com.fasterxml.jackson.databind.introspect.AnnotatedClass%_addClassMixIns#20@7$(606,607, this._mixInResolver)
0.000764;True;clear;com.fasterxml.jackson.databind.introspect.AnnotatedClass%_addClassMixIns#21@5$(614,(614,615), mixin)
0.000764;False;clear;com.fasterxml.jackson.databind.introspect.JacksonAnnotationIntrospector%findAutoDetectVisibility#12@0$(330,331, checker)
0.000764;False;clear;com.fasterxml.jackson.databind.introspect.JacksonAnnotationIntrospector%findAutoDetectVisibility#12@3$(330,331, ann)
0.000762;True;clear;com.fasterxml.jackson.databind.introspect.AnnotatedClass%<init>#0@1$(141,(149,149), this)
0.000762;True;clear;com.fasterxml.jackson.databind.introspect.AnnotatedClass%<init>#0@7$(148,(149,149), this._mixInResolver)
0.000762;True;clear;com.fasterxml.jackson.databind.introspect.SimpleMixInResolver%findMixInClassFor#3@0$(92,(92,92), this)
0.000762;True;clear;com.fasterxml.jackson.databind.introspect.SimpleMixInResolver%findMixInClassFor#3@8$(92,(92,92), this._overrides)
0.000761;False;clear;com.fasterxml.jackson.databind.introspect.SimpleMixInResolver%findMixInClassFor#3@2$(92,92, this)
0.000761;False;clear;com.fasterxml.jackson.databind.introspect.SimpleMixInResolver%findMixInClassFor#3@6$(92,92, cls)
0.000761;False;clear;com.fasterxml.jackson.databind.introspect.SimpleMixInResolver%findMixInClassFor#3@10$(92,92, this._overrides)
0.000761;False;clear;com.fasterxml.jackson.databind.introspect.SimpleMixInResolver%findMixInClassFor#3@14$(92,(93,93), mixin)
0.000760;True;clear;com.fasterxml.jackson.databind.introspect.AnnotatedClass%_resolveClassAnnotations#15@3$(391,(395,399), this)
0.000760;True;clear;com.fasterxml.jackson.databind.introspect.AnnotatedClass%_resolveClassAnnotations#15@13$(391,(395,399), this._primaryMixIn)
0.000760;True;clear;com.fasterxml.jackson.databind.introspect.BasicClassIntrospector%_findStdTypeDesc#6@13$(221,(233,237), cls)
0.000758;True;clear;com.fasterxml.jackson.databind.introspect.AnnotatedClass%_addAnnotationsIfNotPresent#38@18$(1051,(1051,1058), i$)
0.000756;True;clear;com.fasterxml.jackson.databind.introspect.AnnotatedClass%construct#2@2$(182,(182,182), config)
0.000755;False;clear;com.fasterxml.jackson.databind.introspect.AnnotatedClass%construct#2@0$(182,184, type)
0.000755;False;clear;com.fasterxml.jackson.databind.introspect.AnnotatedClass%construct#2@1$(182,185, type)
0.000755;False;clear;com.fasterxml.jackson.databind.introspect.AnnotatedClass%construct#2@4$(182,182, config)
0.000755;False;clear;com.fasterxml.jackson.databind.introspect.AnnotatedClass%construct#2@5$(182,185, config)
0.000755;False;clear;com.fasterxml.jackson.databind.introspect.AnnotatedClass%construct#2@6$(182,185, mir)
0.000755;False;clear;com.fasterxml.jackson.databind.introspect.AnnotatedClass%_resolveClassAnnotations#15@0$(391,(393,395), this)
0.000755;False;clear;com.fasterxml.jackson.databind.introspect.AnnotatedClass%_resolveClassAnnotations#15@4$(391,399, this)
0.000755;False;clear;com.fasterxml.jackson.databind.introspect.AnnotatedClass%_resolveClassAnnotations#15@5$(391,403, this)
0.000755;False;clear;com.fasterxml.jackson.databind.introspect.AnnotatedClass%_resolveClassAnnotations#15@6$(391,416, this)
0.000755;False;clear;com.fasterxml.jackson.databind.introspect.AnnotatedClass%_resolveClassAnnotations#15@10$(391,(393,395), this._annotationIntrospector)
0.000755;False;clear;com.fasterxml.jackson.databind.introspect.AnnotatedClass%_resolveClassAnnotations#15@15$(391,399, this._class)
0.000755;False;clear;com.fasterxml.jackson.databind.introspect.AnnotatedClass%_resolveClassAnnotations#15@17$(391,403, this._superTypes)
0.000755;False;clear;com.fasterxml.jackson.databind.introspect.AnnotatedClass%_resolveClassAnnotations#15@19$(391,399, ca)
0.000755;False;clear;com.fasterxml.jackson.databind.introspect.AnnotatedClass%_resolveClassAnnotations#15@20$(391,416, ca)
0.000755;False;clear;com.fasterxml.jackson.databind.introspect.AnnotatedClass%_resolveClassAnnotations#15@25$(403,(403,416), i$)
0.000755;False;clear;com.fasterxml.jackson.databind.introspect.BasicClassIntrospector%_findStdTypeDesc#6@11$(221,(222,233), cls)
0.000754;False;clear;com.fasterxml.jackson.databind.introspect.AnnotatedClass%_resolveClassAnnotations#15@18$(391,418, ca)
0.000754;False;clear;com.fasterxml.jackson.databind.introspect.AnnotatedClass%_classAnnotations#14@0$(365,373, this)
0.000754;False;clear;com.fasterxml.jackson.databind.introspect.AnnotatedClass%_classAnnotations#14@1$(365,373, this)
0.000754;False;clear;com.fasterxml.jackson.databind.introspect.AnnotatedClass%_classAnnotations#14@2$(365,374, this)
0.000754;True;clear;com.fasterxml.jackson.databind.introspect.AnnotatedClass%_classAnnotations#14@3$(365,376, this)
0.000754;True;clear;com.fasterxml.jackson.databind.introspect.AnnotatedClass%_classAnnotations#14@4$(365,377, this)
0.000754;False;clear;com.fasterxml.jackson.databind.introspect.AnnotatedClass%_classAnnotations#14@5$(365,374, this._classAnnotations)
0.000754;False;clear;com.fasterxml.jackson.databind.introspect.AnnotatedClass%_classAnnotations#14@6$(365,(366,373), anns)
0.000754;True;clear;com.fasterxml.jackson.databind.introspect.AnnotatedClass%_classAnnotations#14@9$(374,(375,376), anns)
0.000754;True;clear;com.fasterxml.jackson.databind.introspect.AnnotatedClass%_classAnnotations#14@12$(376,381, anns)
0.000754;False;clear;com.fasterxml.jackson.databind.util.ClassUtil%_addSuperTypes#3@1$(128,(128,131), type)
0.000754;False;clear;com.fasterxml.jackson.databind.util.ClassUtil%_addSuperTypes#3@2$(128,131, type)
0.000754;False;clear;com.fasterxml.jackson.databind.util.ClassUtil%_addSuperTypes#3@3$(128,139, type)
0.000754;False;clear;com.fasterxml.jackson.databind.util.ClassUtil%_addSuperTypes#3@4$(128,142, type)
0.000754;False;clear;com.fasterxml.jackson.databind.util.ClassUtil%_addSuperTypes#3@8$(128,(132,132), endBefore)
0.000754;False;clear;com.fasterxml.jackson.databind.util.ClassUtil%_addSuperTypes#3@10$(128,142, endBefore)
0.000754;False;clear;com.fasterxml.jackson.databind.util.ClassUtil%_addSuperTypes#3@12$(128,142, result)
0.000754;True;clear;com.fasterxml.jackson.databind.util.ClassUtil%_addSuperTypes#3@18$(128,(133,139), addClassItself)
0.000754;False;clear;com.fasterxml.jackson.databind.util.ClassUtil%_addSuperTypes#3@19$(131,(132,132), cls)
0.000754;False;clear;com.fasterxml.jackson.databind.util.ClassUtil%_addSuperTypes#3@22$(131,(132,133), cls)
0.000754;False;clear;com.fasterxml.jackson.databind.util.ClassUtil%_addSuperTypes#3@24$(139,(139,142), i$)
0.000754;True;clear;com.fasterxml.jackson.databind.util.ClassUtil%findSuperTypes#0@5$(70,(70,73), type)
0.000754;True;clear;com.fasterxml.jackson.databind.util.ClassUtil%findSuperTypes#0@6$(70,74, type)
0.000754;True;clear;com.fasterxml.jackson.databind.util.ClassUtil%findSuperTypes#0@9$(70,74, endBefore)
0.000754;True;clear;com.fasterxml.jackson.databind.util.ClassUtil%findSuperTypes#0@10$(70,74, addClassItself)
0.000754;False;clear;com.fasterxml.jackson.databind.introspect.AnnotatedClass%_addAnnotationsIfNotPresent#38@4$(1049,1062, result)
0.000754;False;clear;com.fasterxml.jackson.databind.introspect.AnnotatedClass%_addAnnotationsIfNotPresent#38@7$(1049,(1049,1050), anns)
0.000754;False;clear;com.fasterxml.jackson.databind.introspect.AnnotatedClass%_addAnnotationsIfNotPresent#38@9$(1049,1051, anns)
0.000754;True;clear;com.fasterxml.jackson.databind.introspect.AnnotatedClass%_addAnnotationsIfNotPresent#38@11$(1050,(1058,1062), fromBundles)
0.000754;False;clear;com.fasterxml.jackson.databind.introspect.AnnotatedClass%_addAnnotationsIfNotPresent#38@16$(1051,(1051,1058), len$)
0.000754;True;clear;com.fasterxml.jackson.databind.introspect.AnnotationMap%get#0@0$(28,(28,29), this)
0.000754;True;clear;com.fasterxml.jackson.databind.introspect.AnnotationMap%get#0@4$(28,(28,29), this._annotations)
0.000753;True;clear;com.fasterxml.jackson.databind.util.ClassUtil%_getMetadata#16@4$(450,(451,460), md)
0.000753;True;clear;com.fasterxml.jackson.databind.util.ClassUtil%_getMetadata#16@5$(450,460, md)
0.000753;False;clear;com.fasterxml.jackson.databind.util.ClassUtil%findSuperTypes#0@0$(70,(70,70), type)
0.000753;False;clear;com.fasterxml.jackson.databind.util.ClassUtil%findSuperTypes#0@2$(70,(70,70), type)
0.000753;False;clear;com.fasterxml.jackson.databind.util.ClassUtil%findSuperTypes#0@7$(70,(70,70), endBefore)
0.000752;True;clear;com.fasterxml.jackson.databind.JavaType%hasRawClass#1@1$(223,(223,223), this)
0.000752;True;clear;com.fasterxml.jackson.databind.JavaType%hasRawClass#1@3$(223,(223,223), clz)
0.000752;True;clear;com.fasterxml.jackson.databind.JavaType%hasRawClass#1@5$(223,(223,223), this._class)
0.000752;False;clear;com.fasterxml.jackson.databind.introspect.AnnotatedClass%<init>#0@2$(141,149, this)
0.000752;False;clear;com.fasterxml.jackson.databind.introspect.AnnotatedClass%<init>#0@3$(141,151, this)
0.000752;False;clear;com.fasterxml.jackson.databind.introspect.AnnotatedClass%<init>#0@4$(141,151, classAnnotations)
0.000752;False;clear;com.fasterxml.jackson.databind.introspect.AnnotatedClass%<init>#0@5$(143,149, this._class)
0.000752;False;clear;com.fasterxml.jackson.databind.introspect.AnnotatedClass%<init>#0@8$(148,149, this._mixInResolver)
0.000745;True;clear;com.fasterxml.jackson.databind.introspect.AnnotatedClass%_classAnnotations#14@7$(365,(366,381), anns)
0.000745;True;clear;com.fasterxml.jackson.databind.introspect.AnnotatedClass%_classAnnotations#14@8$(365,381, anns)
0.000742;True;clear;com.fasterxml.jackson.databind.type.TypeFactory%_fromClass#21@61$(1173,(1174,1175), result)
0.000742;True;clear;com.fasterxml.jackson.databind.type.TypeFactory%_fromClass#21@68$(1173,1175, result)
0.000739;True;clear;com.fasterxml.jackson.databind.cfg.MapperConfig%isEnabled#1@1$(141,(141,141), this)
0.000739;True;clear;com.fasterxml.jackson.databind.cfg.MapperConfig%isEnabled#1@3$(141,(141,141), f)
0.000739;True;clear;com.fasterxml.jackson.databind.cfg.MapperConfig%isEnabled#1@5$(141,(141,141), this._mapperFeatures)
0.000737;True;clear;com.fasterxml.jackson.databind.cfg.MapperConfig%isEnabled#1@0$(141,(141,141), this)
0.000737;True;clear;com.fasterxml.jackson.databind.cfg.MapperConfig%isEnabled#1@2$(141,(141,141), f)
0.000737;True;clear;com.fasterxml.jackson.databind.cfg.MapperConfig%isEnabled#1@4$(141,(141,141), this._mapperFeatures)
0.000731;True;clear;com.fasterxml.jackson.databind.util.LRUMap%putIfAbsent#1@1$(57,(57,64), this)
0.000731;False;clear;com.fasterxml.jackson.databind.util.LRUMap%putIfAbsent#1@2$(57,64, this)
0.000731;False;clear;com.fasterxml.jackson.databind.util.LRUMap%putIfAbsent#1@8$(57,64, key)
0.000731;False;clear;com.fasterxml.jackson.databind.util.LRUMap%putIfAbsent#1@9$(57,64, value)
0.000731;True;clear;com.fasterxml.jackson.databind.util.LRUMap%putIfAbsent#1@11$(57,(57,64), this._maxEntries)
0.000731;True;clear;com.fasterxml.jackson.databind.util.LRUMap%putIfAbsent#1@15$(57,(57,64), this._map)
0.000731;False;clear;com.fasterxml.jackson.databind.util.LRUMap%putIfAbsent#1@16$(57,64, this._map)
0.000722;True;clear;com.fasterxml.jackson.databind.type.TypeBindings%isEmpty#10@0$(245,(245,245), this)
0.000722;True;clear;com.fasterxml.jackson.databind.type.TypeBindings%isEmpty#10@2$(245,(245,245), this._types)
0.000722;False;clear;com.fasterxml.jackson.databind.type.TypeFactory%_fromClass#21@0$(1165,1173, this)
0.000722;False;clear;com.fasterxml.jackson.databind.type.TypeFactory%_fromClass#21@13$(1165,1172, rawType)
0.000722;True;clear;com.fasterxml.jackson.databind.type.TypeFactory%_fromClass#21@44$(1165,(1171,1172), bindings)
0.000722;False;clear;com.fasterxml.jackson.databind.type.TypeFactory%_fromClass#21@46$(1165,1173, this._typeCache)
0.000722;True;clear;com.fasterxml.jackson.databind.type.TypeFactory%_findWellKnownSimple#19@5$(1086,(1092,1094), clz)
0.000722;True;clear;com.fasterxml.jackson.databind.type.TypeFactory%_findWellKnownSimple#19@25$(1086,(1092,1094), CLS_OBJECT)
0.000722;False;clear;com.fasterxml.jackson.databind.type.TypeFactory%_fromClass#21@33$(1165,(1171,1171), bindings)
0.000722;False;clear;com.fasterxml.jackson.databind.type.TypeFactory%_fromClass#21@51$(1165,(1166,1171), result)
0.000720;False;clear;com.fasterxml.jackson.databind.type.TypeFactory%_findWellKnownSimple#19@3$(1086,(1091,1092), clz)
0.000720;False;clear;com.fasterxml.jackson.databind.type.TypeFactory%_findWellKnownSimple#19@22$(1086,(1091,1092), CLS_STRING)
0.000716;True;clear;com.fasterxml.jackson.databind.type.TypeFactory%_fromAny#20@2$(1113,(1140,1155), this)
0.000716;True;clear;com.fasterxml.jackson.databind.type.TypeFactory%_fromAny#20@43$(1113,(1140,1155), this._modifiers)
0.000716;True;clear;com.fasterxml.jackson.databind.type.TypeFactory%_fromAny#20@45$(1115,1155, resultType)
0.000714;False;clear;com.fasterxml.jackson.databind.type.TypeFactory%_findWellKnownSimple#19@1$(1086,(1086,1091), clz)
0.000713;False;clear;com.fasterxml.jackson.databind.type.TypeFactory%_fromAny#20@8$(1113,1115, this)
0.000713;False;clear;com.fasterxml.jackson.databind.type.TypeFactory%_fromAny#20@13$(1113,1115, context)
0.000713;False;clear;com.fasterxml.jackson.databind.type.TypeFactory%_fromAny#20@14$(1113,(1113,1115), type)
0.000713;False;clear;com.fasterxml.jackson.databind.type.TypeFactory%_fromAny#20@35$(1113,1115, type)
0.000713;False;clear;com.fasterxml.jackson.databind.type.TypeFactory%_fromAny#20@41$(1113,1115, EMPTY_BINDINGS)
