OCHIAI   	;Uncon;Status;DUAs; Version;19b
0.200000;True;clear;org.joda.time.chrono.ISOChronology%getInstance#0@23$(100,(101,104), chrono)
0.200000;True;clear;org.joda.time.chrono.GregorianChronology%calculateFirstDayOfYearMillis#5@0$(202,(212,213), this)
0.200000;True;clear;org.joda.time.chrono.GregorianChronology%calculateFirstDayOfYearMillis#5@5$(202,(212,213), year)
0.200000;True;clear;org.joda.time.chrono.GregorianChronology%calculateFirstDayOfYearMillis#5@13$(211,213, leapYears)
0.200000;True;clear;org.joda.time.chrono.GregorianChronology%calculateFirstDayOfYearMillis#5@14$(213,217, leapYears)
0.144338;False;clear;org.joda.time.chrono.GregorianChronology%calculateFirstDayOfYearMillis#5@3$(202,(203,211), year)
0.144338;False;clear;org.joda.time.chrono.GregorianChronology%calculateFirstDayOfYearMillis#5@4$(202,211, year)
0.144338;False;clear;org.joda.time.chrono.GregorianChronology%calculateFirstDayOfYearMillis#5@9$(202,211, leapYears)
0.140028;True;clear;org.joda.time.chrono.BasicChronology%getYearInfo#12@8$(738,(739,740), info)
0.134840;False;clear;org.joda.time.chrono.GregorianChronology%calculateFirstDayOfYearMillis#5@7$(202,217, year)
0.133631;False;clear;org.joda.time.tz.DateTimeZoneBuilder$OfYear%equals#4@1$(629,(629,632), this)
0.133631;False;clear;org.joda.time.tz.DateTimeZoneBuilder$OfYear%equals#4@2$(629,(634,634), this)
0.133631;False;clear;org.joda.time.tz.DateTimeZoneBuilder$OfYear%equals#4@4$(629,(634,634), this)
0.133631;False;clear;org.joda.time.tz.DateTimeZoneBuilder$OfYear%equals#4@6$(629,(634,634), this)
0.133631;False;clear;org.joda.time.tz.DateTimeZoneBuilder$OfYear%equals#4@8$(629,(634,634), this)
0.133631;False;clear;org.joda.time.tz.DateTimeZoneBuilder$OfYear%equals#4@10$(629,(634,634), this)
0.133631;True;clear;org.joda.time.tz.DateTimeZoneBuilder$OfYear%equals#4@12$(629,(634,634), this)
0.133631;False;clear;org.joda.time.tz.DateTimeZoneBuilder$OfYear%equals#4@15$(629,(629,632), obj)
0.133631;False;clear;org.joda.time.tz.DateTimeZoneBuilder$OfYear%equals#4@16$(629,(632,633), obj)
0.133631;False;clear;org.joda.time.tz.DateTimeZoneBuilder$OfYear%equals#4@18$(629,633, obj)
0.133631;False;clear;org.joda.time.tz.DateTimeZoneBuilder$OfYear%equals#4@19$(629,(634,634), this.iMode)
0.133631;False;clear;org.joda.time.tz.DateTimeZoneBuilder$OfYear%equals#4@21$(629,(634,634), this.iMonthOfYear)
0.133631;False;clear;org.joda.time.tz.DateTimeZoneBuilder$OfYear%equals#4@23$(629,(634,634), this.iDayOfMonth)
0.133631;False;clear;org.joda.time.tz.DateTimeZoneBuilder$OfYear%equals#4@25$(629,(634,634), this.iDayOfWeek)
0.133631;False;clear;org.joda.time.tz.DateTimeZoneBuilder$OfYear%equals#4@27$(629,(634,634), this.iAdvance)
0.133631;True;clear;org.joda.time.tz.DateTimeZoneBuilder$OfYear%equals#4@29$(629,(634,634), this.iMillisOfDay)
0.133631;False;clear;org.joda.time.tz.DateTimeZoneBuilder$OfYear%equals#4@31$(633,(634,634), other)
0.133631;False;clear;org.joda.time.tz.DateTimeZoneBuilder$OfYear%equals#4@33$(633,(634,634), other)
0.133631;False;clear;org.joda.time.tz.DateTimeZoneBuilder$OfYear%equals#4@35$(633,(634,634), other)
0.133631;False;clear;org.joda.time.tz.DateTimeZoneBuilder$OfYear%equals#4@37$(633,(634,634), other)
0.133631;False;clear;org.joda.time.tz.DateTimeZoneBuilder$OfYear%equals#4@39$(633,(634,634), other)
0.133631;True;clear;org.joda.time.tz.DateTimeZoneBuilder$OfYear%equals#4@41$(633,(634,634), other)
0.133631;False;clear;org.joda.time.tz.DateTimeZoneBuilder$OfYear%equals#4@43$(633,(634,634), other.iMode)
0.133631;False;clear;org.joda.time.tz.DateTimeZoneBuilder$OfYear%equals#4@45$(633,(634,634), other.iMonthOfYear)
0.133631;False;clear;org.joda.time.tz.DateTimeZoneBuilder$OfYear%equals#4@47$(633,(634,634), other.iDayOfMonth)
0.133631;False;clear;org.joda.time.tz.DateTimeZoneBuilder$OfYear%equals#4@49$(633,(634,634), other.iDayOfWeek)
0.133631;False;clear;org.joda.time.tz.DateTimeZoneBuilder$OfYear%equals#4@51$(633,(634,634), other.iAdvance)
0.133631;True;clear;org.joda.time.tz.DateTimeZoneBuilder$OfYear%equals#4@53$(633,(634,634), other.iMillisOfDay)
0.133631;False;clear;org.joda.time.tz.DateTimeZoneBuilder$Recurrence%equals#0@1$(780,(780,783), this)
0.133631;False;clear;org.joda.time.tz.DateTimeZoneBuilder$Recurrence%equals#0@2$(780,(785,785), this)
0.133631;False;clear;org.joda.time.tz.DateTimeZoneBuilder$Recurrence%equals#0@4$(780,(785,785), this)
0.133631;True;clear;org.joda.time.tz.DateTimeZoneBuilder$Recurrence%equals#0@6$(780,(785,785), this)
0.133631;False;clear;org.joda.time.tz.DateTimeZoneBuilder$Recurrence%equals#0@9$(780,(780,783), obj)
0.133631;False;clear;org.joda.time.tz.DateTimeZoneBuilder$Recurrence%equals#0@10$(780,(783,784), obj)
0.133631;False;clear;org.joda.time.tz.DateTimeZoneBuilder$Recurrence%equals#0@12$(780,784, obj)
0.133631;False;clear;org.joda.time.tz.DateTimeZoneBuilder$Recurrence%equals#0@13$(780,(785,785), this.iSaveMillis)
0.133631;False;clear;org.joda.time.tz.DateTimeZoneBuilder$Recurrence%equals#0@15$(780,(785,785), this.iNameKey)
0.133631;True;clear;org.joda.time.tz.DateTimeZoneBuilder$Recurrence%equals#0@17$(780,(785,785), this.iOfYear)
0.133631;False;clear;org.joda.time.tz.DateTimeZoneBuilder$Recurrence%equals#0@19$(784,(785,785), other)
0.133631;False;clear;org.joda.time.tz.DateTimeZoneBuilder$Recurrence%equals#0@21$(784,(785,785), other)
0.133631;True;clear;org.joda.time.tz.DateTimeZoneBuilder$Recurrence%equals#0@23$(784,(785,785), other)
0.133631;False;clear;org.joda.time.tz.DateTimeZoneBuilder$Recurrence%equals#0@25$(784,(785,785), other.iSaveMillis)
0.133631;False;clear;org.joda.time.tz.DateTimeZoneBuilder$Recurrence%equals#0@27$(784,(785,785), other.iNameKey)
0.133631;True;clear;org.joda.time.tz.DateTimeZoneBuilder$Recurrence%equals#0@29$(784,(785,785), other.iOfYear)
0.133631;False;clear;org.joda.time.tz.DateTimeZoneBuilder$DSTZone%equals#2@1$(1283,(1283,1286), this)
0.133631;False;clear;org.joda.time.tz.DateTimeZoneBuilder$DSTZone%equals#2@2$(1283,(1288,1288), this)
0.133631;False;clear;org.joda.time.tz.DateTimeZoneBuilder$DSTZone%equals#2@4$(1283,(1288,1288), this)
0.133631;False;clear;org.joda.time.tz.DateTimeZoneBuilder$DSTZone%equals#2@6$(1283,(1288,1288), this)
0.133631;True;clear;org.joda.time.tz.DateTimeZoneBuilder$DSTZone%equals#2@8$(1283,(1288,1288), this)
0.133631;False;clear;org.joda.time.tz.DateTimeZoneBuilder$DSTZone%equals#2@11$(1283,(1283,1286), obj)
0.133631;False;clear;org.joda.time.tz.DateTimeZoneBuilder$DSTZone%equals#2@12$(1283,(1286,1287), obj)
0.133631;False;clear;org.joda.time.tz.DateTimeZoneBuilder$DSTZone%equals#2@14$(1283,1287, obj)
0.133631;False;clear;org.joda.time.tz.DateTimeZoneBuilder$DSTZone%equals#2@15$(1283,(1288,1288), this.iStandardOffset)
0.133631;False;clear;org.joda.time.tz.DateTimeZoneBuilder$DSTZone%equals#2@17$(1283,(1288,1288), this.iStartRecurrence)
0.133631;True;clear;org.joda.time.tz.DateTimeZoneBuilder$DSTZone%equals#2@19$(1283,(1288,1288), this.iEndRecurrence)
0.133631;False;clear;org.joda.time.tz.DateTimeZoneBuilder$DSTZone%equals#2@21$(1287,(1288,1288), other)
0.133631;False;clear;org.joda.time.tz.DateTimeZoneBuilder$DSTZone%equals#2@23$(1287,(1288,1288), other)
0.133631;False;clear;org.joda.time.tz.DateTimeZoneBuilder$DSTZone%equals#2@25$(1287,(1288,1288), other)
0.133631;True;clear;org.joda.time.tz.DateTimeZoneBuilder$DSTZone%equals#2@27$(1287,(1288,1288), other)
0.133631;False;clear;org.joda.time.tz.DateTimeZoneBuilder$DSTZone%equals#2@29$(1287,(1288,1288), other.iStandardOffset)
0.133631;False;clear;org.joda.time.tz.DateTimeZoneBuilder$DSTZone%equals#2@31$(1287,(1288,1288), other.iStartRecurrence)
0.133631;True;clear;org.joda.time.tz.DateTimeZoneBuilder$DSTZone%equals#2@33$(1287,(1288,1288), other.iEndRecurrence)
0.133631;False;clear;org.joda.time.tz.DateTimeZoneBuilder$PrecalculatedZone%equals#7@13$(1619,(1624,1624), this)
0.133631;True;clear;org.joda.time.tz.DateTimeZoneBuilder$PrecalculatedZone%equals#7@14$(1619,(1624,1624), this)
0.133631;False;clear;org.joda.time.tz.DateTimeZoneBuilder$PrecalculatedZone%equals#7@30$(1619,(1624,1624), this.iTailZone)
0.133631;True;clear;org.joda.time.tz.DateTimeZoneBuilder$PrecalculatedZone%equals#7@31$(1619,(1624,1624), this.iTailZone)
0.133631;True;clear;org.joda.time.tz.DateTimeZoneBuilder$PrecalculatedZone%equals#7@43$(1623,(1624,1624), other)
0.133631;True;clear;org.joda.time.tz.DateTimeZoneBuilder$PrecalculatedZone%equals#7@55$(1623,(1624,1624), other.iTailZone)
0.128037;False;clear;org.joda.time.tz.CachedDateTimeZone%createInfo#3@17$(170,(167,167), periodStart)
0.127000;False;clear;org.joda.time.tz.DateTimeZoneBuilder$PrecalculatedZone%equals#7@2$(1619,(1624,1624), this)
0.127000;False;clear;org.joda.time.tz.DateTimeZoneBuilder$PrecalculatedZone%equals#7@4$(1619,(1624,1624), this)
0.127000;False;clear;org.joda.time.tz.DateTimeZoneBuilder$PrecalculatedZone%equals#7@6$(1619,(1624,1624), this)
0.127000;False;clear;org.joda.time.tz.DateTimeZoneBuilder$PrecalculatedZone%equals#7@8$(1619,(1624,1624), this)
0.127000;False;clear;org.joda.time.tz.DateTimeZoneBuilder$PrecalculatedZone%equals#7@10$(1619,(1624,1624), this)
0.127000;False;clear;org.joda.time.tz.DateTimeZoneBuilder$PrecalculatedZone%equals#7@21$(1619,(1624,1624), this.iTransitions)
0.127000;False;clear;org.joda.time.tz.DateTimeZoneBuilder$PrecalculatedZone%equals#7@23$(1619,(1624,1624), this.iNameKeys)
0.127000;False;clear;org.joda.time.tz.DateTimeZoneBuilder$PrecalculatedZone%equals#7@25$(1619,(1624,1624), this.iWallOffsets)
0.127000;False;clear;org.joda.time.tz.DateTimeZoneBuilder$PrecalculatedZone%equals#7@27$(1619,(1624,1624), this.iStandardOffsets)
0.127000;False;clear;org.joda.time.tz.DateTimeZoneBuilder$PrecalculatedZone%equals#7@33$(1623,(1624,1624), other)
0.127000;False;clear;org.joda.time.tz.DateTimeZoneBuilder$PrecalculatedZone%equals#7@35$(1623,(1624,1624), other)
0.127000;False;clear;org.joda.time.tz.DateTimeZoneBuilder$PrecalculatedZone%equals#7@37$(1623,(1624,1624), other)
0.127000;False;clear;org.joda.time.tz.DateTimeZoneBuilder$PrecalculatedZone%equals#7@39$(1623,(1624,1624), other)
0.127000;False;clear;org.joda.time.tz.DateTimeZoneBuilder$PrecalculatedZone%equals#7@41$(1623,(1624,1624), other)
0.127000;False;clear;org.joda.time.tz.DateTimeZoneBuilder$PrecalculatedZone%equals#7@47$(1623,(1624,1624), other.iTransitions)
0.127000;False;clear;org.joda.time.tz.DateTimeZoneBuilder$PrecalculatedZone%equals#7@49$(1623,(1624,1624), other.iNameKeys)
0.127000;False;clear;org.joda.time.tz.DateTimeZoneBuilder$PrecalculatedZone%equals#7@51$(1623,(1624,1624), other.iWallOffsets)
0.127000;False;clear;org.joda.time.tz.DateTimeZoneBuilder$PrecalculatedZone%equals#7@53$(1623,(1624,1624), other.iStandardOffsets)
0.125000;False;clear;org.joda.time.tz.CachedDateTimeZone%createInfo#3@1$(160,171, this)
0.125000;False;clear;org.joda.time.tz.CachedDateTimeZone%createInfo#3@3$(160,171, this.iZone)
0.125000;False;clear;org.joda.time.tz.CachedDateTimeZone%createInfo#3@9$(163,(167,170), end)
0.125000;False;clear;org.joda.time.tz.CachedDateTimeZone%createInfo#3@10$(164,171, chain)
0.125000;False;clear;org.joda.time.tz.CachedDateTimeZone%createInfo#3@14$(166,(167,170), next)
0.125000;False;clear;org.joda.time.tz.CachedDateTimeZone%createInfo#3@15$(166,170, next)
0.125000;False;clear;org.joda.time.tz.CachedDateTimeZone%createInfo#3@16$(170,166, periodStart)
0.125000;False;clear;org.joda.time.tz.CachedDateTimeZone%equals#1@1$(135,(135,138), this)
0.125000;True;clear;org.joda.time.tz.CachedDateTimeZone%equals#1@2$(135,139, this)
0.125000;False;clear;org.joda.time.tz.CachedDateTimeZone%equals#1@4$(135,(135,138), obj)
0.125000;True;clear;org.joda.time.tz.CachedDateTimeZone%equals#1@5$(135,(138,139), obj)
0.125000;True;clear;org.joda.time.tz.CachedDateTimeZone%equals#1@7$(135,139, obj)
0.125000;True;clear;org.joda.time.tz.CachedDateTimeZone%equals#1@8$(135,139, this.iZone)
0.125000;False;clear;org.joda.time.tz.DateTimeZoneBuilder$PrecalculatedZone%equals#7@1$(1619,(1619,1622), this)
0.125000;False;clear;org.joda.time.tz.DateTimeZoneBuilder$PrecalculatedZone%equals#7@17$(1619,(1619,1622), obj)
0.125000;False;clear;org.joda.time.tz.DateTimeZoneBuilder$PrecalculatedZone%equals#7@18$(1619,(1622,1623), obj)
0.125000;False;clear;org.joda.time.tz.DateTimeZoneBuilder$PrecalculatedZone%equals#7@20$(1619,1623, obj)
0.118678;True;wrong;org.joda.time.tz.DateTimeZoneBuilder$DSTZone%nextTransition#0@10$(1206,(1235,1235), start)
0.118678;True;wrong;org.joda.time.tz.DateTimeZoneBuilder$DSTZone%nextTransition#0@18$(1221,(1235,1235), end)
0.118678;True;clear;org.joda.time.tz.DateTimeZoneBuilder$DSTZone%findMatchingRecurrence#3@3$(1311,(1332,1332), start)
0.118678;True;clear;org.joda.time.tz.DateTimeZoneBuilder$DSTZone%findMatchingRecurrence#3@5$(1322,(1332,1332), end)
0.116248;True;wrong;org.joda.time.tz.DateTimeZoneBuilder$DSTZone%nextTransition#0@19$(1221,(1235,1235), end)
0.116248;False;clear;org.joda.time.chrono.BasicChronology%getYearInfo#12@0$(738,740, this)
0.116248;False;clear;org.joda.time.chrono.BasicChronology%getYearInfo#12@1$(738,741, this)
0.116248;False;clear;org.joda.time.chrono.BasicChronology%getYearInfo#12@2$(738,740, year)
0.116248;False;clear;org.joda.time.chrono.BasicChronology%getYearInfo#12@3$(738,741, year)
0.116248;False;clear;org.joda.time.chrono.BasicChronology%getYearInfo#12@6$(738,741, this.iYearInfoCache)
0.116248;False;clear;org.joda.time.chrono.BasicChronology%getYearInfo#12@14$(740,743, info)
0.115470;True;wrong;org.joda.time.tz.DateTimeZoneBuilder$DSTZone%nextTransition#0@11$(1206,(1235,1235), start)
0.111111;True;clear;org.joda.time.tz.DateTimeZoneBuilder$OfYear%next#2@34$(558,(574,583), instant)
0.111111;True;clear;org.joda.time.tz.DateTimeZoneBuilder$OfYear%next#2@51$(573,(574,583), next)
0.111111;True;clear;org.joda.time.tz.DateTimeZoneBuilder$OfYear%next#2@52$(573,583, next)
0.109109;True;clear;org.joda.time.chrono.ISOChronology%getInstance#0@28$(105,(106,110), chrono)
0.109109;True;clear;org.joda.time.chrono.ISOChronology%getInstance#0@29$(105,111, chrono)
0.109109;True;clear;org.joda.time.chrono.ISOChronology%getInstance#0@30$(105,112, chrono)
0.105409;False;clear;org.joda.time.tz.DateTimeZoneBuilder$OfYear%next#2@1$(549,(549,551), this)
0.105409;True;clear;org.joda.time.tz.DateTimeZoneBuilder$OfYear%next#2@3$(549,(551,554), this)
0.105409;False;clear;org.joda.time.tz.DateTimeZoneBuilder$OfYear%next#2@19$(549,(549,551), this.iMode)
0.105409;True;clear;org.joda.time.tz.DateTimeZoneBuilder$OfYear%next#2@21$(549,(551,554), this.iMode)
0.105409;True;clear;org.joda.time.tz.DateTimeZoneBuilder$OfYear%next#2@31$(554,558, offset)
0.105409;True;clear;org.joda.time.tz.DateTimeZoneBuilder$OfYear%next#2@32$(554,583, offset)
0.104257;True;clear;org.joda.time.tz.DateTimeZoneBuilder$OfYear%next#2@10$(549,576, this)
0.104257;True;clear;org.joda.time.tz.DateTimeZoneBuilder$OfYear%next#2@11$(549,577, this)
0.104257;True;clear;org.joda.time.tz.DateTimeZoneBuilder$OfYear%next#2@12$(549,578, this)
0.104257;True;clear;org.joda.time.tz.DateTimeZoneBuilder$OfYear%next#2@23$(549,576, this.iMonthOfYear)
0.104257;True;clear;org.joda.time.tz.DateTimeZoneBuilder$OfYear%next#2@33$(558,(574,575), instant)
0.104257;True;clear;org.joda.time.tz.DateTimeZoneBuilder$OfYear%next#2@38$(560,575, chrono)
0.104257;True;clear;org.joda.time.tz.DateTimeZoneBuilder$OfYear%next#2@39$(560,576, chrono)
0.104257;True;clear;org.joda.time.tz.DateTimeZoneBuilder$OfYear%next#2@40$(560,577, chrono)
0.104257;True;clear;org.joda.time.tz.DateTimeZoneBuilder$OfYear%next#2@41$(560,578, chrono)
0.104257;True;clear;org.joda.time.tz.DateTimeZoneBuilder$OfYear%next#2@50$(573,(574,575), next)
0.104257;True;clear;org.joda.time.tz.DateTimeZoneBuilder$OfYear%next#2@53$(573,575, next)
0.104257;True;clear;org.joda.time.tz.DateTimeZoneBuilder$OfYear%next#2@54$(578,583, next)
0.103695;False;wrong;org.joda.time.tz.DateTimeZoneBuilder$DSTZone%nextTransition#0@0$(1199,(1208,1208), instant)
0.103695;False;wrong;org.joda.time.tz.DateTimeZoneBuilder$DSTZone%nextTransition#0@2$(1199,1221, instant)
0.103695;False;wrong;org.joda.time.tz.DateTimeZoneBuilder$DSTZone%nextTransition#0@7$(1199,1221, standardOffset)
0.103695;False;wrong;org.joda.time.tz.DateTimeZoneBuilder$DSTZone%nextTransition#0@8$(1200,1221, startRecurrence)
0.103695;False;wrong;org.joda.time.tz.DateTimeZoneBuilder$DSTZone%nextTransition#0@9$(1201,1221, endRecurrence)
0.103695;True;wrong;org.joda.time.tz.DateTimeZoneBuilder$DSTZone%nextTransition#0@14$(1206,(1208,1218), start)
0.103695;False;wrong;org.joda.time.tz.DateTimeZoneBuilder$DSTZone%nextTransition#0@20$(1221,1235, end)
0.103695;True;wrong;org.joda.time.tz.DateTimeZoneBuilder$DSTZone%nextTransition#0@22$(1221,(1223,1233), end)
0.103142;False;wrong;org.joda.time.tz.DateTimeZoneBuilder$DSTZone%nextTransition#0@3$(1199,(1223,1223), instant)
0.103142;False;wrong;org.joda.time.tz.DateTimeZoneBuilder$DSTZone%nextTransition#0@12$(1206,1235, start)
0.103142;False;clear;org.joda.time.tz.DateTimeZoneBuilder$PrecalculatedZone%nextTransition#5@1$(1570,(1576,1579), this)
0.103142;False;clear;org.joda.time.tz.DateTimeZoneBuilder$PrecalculatedZone%nextTransition#5@2$(1570,1583, this)
0.103142;True;clear;org.joda.time.tz.DateTimeZoneBuilder$PrecalculatedZone%nextTransition#5@4$(1570,(1580,1583), instant)
0.103142;True;clear;org.joda.time.tz.DateTimeZoneBuilder$PrecalculatedZone%nextTransition#5@5$(1570,1583, instant)
0.103142;False;clear;org.joda.time.tz.DateTimeZoneBuilder$PrecalculatedZone%nextTransition#5@8$(1570,(1576,1579), this.iTailZone)
0.103142;False;clear;org.joda.time.tz.DateTimeZoneBuilder$PrecalculatedZone%nextTransition#5@9$(1570,1583, this.iTailZone)
0.103142;False;clear;org.joda.time.tz.DateTimeZoneBuilder$PrecalculatedZone%nextTransition#5@12$(1570,1579, transitions)
0.103142;True;clear;org.joda.time.tz.DateTimeZoneBuilder$PrecalculatedZone%nextTransition#5@21$(1579,(1580,1583), end)
0.102062;True;clear;org.joda.time.tz.DateTimeZoneBuilder$PrecalculatedZone%getOffset#3@1$(1528,(1540,1543), this)
0.102062;True;clear;org.joda.time.tz.DateTimeZoneBuilder$PrecalculatedZone%getOffset#3@2$(1528,1543, this)
0.102062;True;clear;org.joda.time.tz.DateTimeZoneBuilder$PrecalculatedZone%getOffset#3@6$(1528,1543, instant)
0.102062;True;clear;org.joda.time.tz.DateTimeZoneBuilder$PrecalculatedZone%getOffset#3@11$(1528,(1540,1543), this.iTailZone)
0.102062;True;clear;org.joda.time.tz.DateTimeZoneBuilder$PrecalculatedZone%getOffset#3@12$(1528,1543, this.iTailZone)
0.101535;False;clear;org.joda.time.tz.DateTimeZoneBuilder$DSTZone%findMatchingRecurrence#3@0$(1305,1332, startRecurrence)
0.101535;False;clear;org.joda.time.tz.DateTimeZoneBuilder$DSTZone%findMatchingRecurrence#3@1$(1306,1332, endRecurrence)
0.101015;False;clear;org.joda.time.tz.DateTimeZoneBuilder$OfYear%next#2@8$(549,(567,573), this)
0.101015;False;clear;org.joda.time.tz.DateTimeZoneBuilder$OfYear%next#2@9$(549,573, this)
0.101015;False;clear;org.joda.time.tz.DateTimeZoneBuilder$OfYear%next#2@26$(549,(567,573), this.iDayOfWeek)
0.101015;False;clear;org.joda.time.tz.DateTimeZoneBuilder$OfYear%next#2@37$(560,573, chrono)
0.101015;False;clear;org.joda.time.tz.DateTimeZoneBuilder$OfYear%next#2@44$(565,573, next)
0.100504;False;clear;org.joda.time.tz.DateTimeZoneBuilder$OfYear%next#2@4$(549,561, this)
0.100504;False;clear;org.joda.time.tz.DateTimeZoneBuilder$OfYear%next#2@5$(549,564, this)
0.100504;False;clear;org.joda.time.tz.DateTimeZoneBuilder$OfYear%next#2@6$(549,565, this)
0.100504;False;clear;org.joda.time.tz.DateTimeZoneBuilder$OfYear%next#2@14$(549,558, instant)
0.100504;False;clear;org.joda.time.tz.DateTimeZoneBuilder$OfYear%next#2@22$(549,561, this.iMonthOfYear)
0.100504;False;clear;org.joda.time.tz.DateTimeZoneBuilder$OfYear%next#2@24$(549,564, this.iMillisOfDay)
0.097129;False;clear;org.joda.time.chrono.ISOChronology%getInstance#0@3$(96,105, zone)
0.097129;False;clear;org.joda.time.chrono.ISOChronology%getInstance#0@9$(96,111, cFastCache)
0.097129;False;clear;org.joda.time.chrono.ISOChronology%getInstance#0@10$(96,104, cCache)
0.097129;False;clear;org.joda.time.chrono.ISOChronology%getInstance#0@11$(96,104, cCache)
0.097129;False;clear;org.joda.time.chrono.ISOChronology%getInstance#0@12$(96,105, cCache)
0.097129;False;clear;org.joda.time.chrono.ISOChronology%getInstance#0@21$(99,111, index)
0.097129;False;clear;org.joda.time.tz.DateTimeZoneBuilder$PrecalculatedZone%nextTransition#5@11$(1570,(1573,1576), transitions)
0.097129;False;clear;org.joda.time.tz.DateTimeZoneBuilder$PrecalculatedZone%nextTransition#5@18$(1572,(1573,1576), i)
0.096225;False;clear;org.joda.time.tz.DateTimeZoneBuilder$PrecalculatedZone%getOffset#3@14$(1528,(1534,1540), transitions)
0.096225;False;clear;org.joda.time.tz.DateTimeZoneBuilder$PrecalculatedZone%getOffset#3@20$(1533,(1534,1540), i)
0.095346;True;clear;org.joda.time.tz.CachedDateTimeZone$Info%getOffset#1@7$(204,(204,210), this)
0.095346;True;clear;org.joda.time.tz.CachedDateTimeZone$Info%getOffset#1@8$(204,210, this)
0.095346;True;clear;org.joda.time.tz.CachedDateTimeZone$Info%getOffset#1@10$(204,(204,210), millis)
0.095346;True;clear;org.joda.time.tz.CachedDateTimeZone$Info%getOffset#1@11$(204,210, millis)
0.095346;True;clear;org.joda.time.tz.CachedDateTimeZone$Info%getOffset#1@15$(204,(204,210), this.iNextInfo)
0.095346;True;clear;org.joda.time.tz.CachedDateTimeZone$Info%getOffset#1@16$(204,210, this.iNextInfo)
0.095346;True;clear;org.joda.time.tz.CachedDateTimeZone$Info%getOffset#1@18$(204,(204,210), this.iPeriodStart)
0.089803;True;clear;org.joda.time.format.DateTimeFormatterBuilder$TimeZoneOffset%printTo#2@18$(2112,(2115,2116), this)
0.089803;True;clear;org.joda.time.format.DateTimeFormatterBuilder$TimeZoneOffset%printTo#2@20$(2112,2116, this)
0.089803;True;clear;org.joda.time.format.DateTimeFormatterBuilder$TimeZoneOffset%printTo#2@30$(2112,2116, buf)
0.089803;True;clear;org.joda.time.format.DateTimeFormatterBuilder$TimeZoneOffset%printTo#2@40$(2112,(2115,2116), this.iZeroOffsetPrintText)
0.089803;True;clear;org.joda.time.format.DateTimeFormatterBuilder$TimeZoneOffset%printTo#2@42$(2112,2116, this.iZeroOffsetPrintText)
0.089803;True;clear;org.joda.time.tz.ZoneInfoProvider%getZone#2@20$(153,(154,155), tz)
0.089803;True;clear;org.joda.time.tz.ZoneInfoProvider%getZone#2@22$(153,155, tz)
0.089443;False;clear;org.joda.time.tz.ZoneInfoProvider%getZone#2@16$(140,(150,152), obj)
0.089443;False;clear;org.joda.time.tz.ZoneInfoProvider%getZone#2@19$(140,152, obj)
0.089087;False;clear;org.joda.time.format.DateTimeFormatterBuilder$TimeZoneOffset%printTo#2@31$(2112,(2115,2115), displayOffset)
0.089087;False;clear;org.joda.time.tz.ZoneInfoProvider%getZone#2@8$(136,(145,150), id)
0.089087;False;clear;org.joda.time.tz.ZoneInfoProvider%getZone#2@15$(140,(145,150), obj)
0.088045;True;clear;org.joda.time.tz.CachedDateTimeZone%getInfo#2@7$(151,(152,153), info)
0.087706;True;clear;org.joda.time.DateTimeZone%forID#2@14$(210,(211,212), zone)
0.087706;True;clear;org.joda.time.DateTimeZone%forID#2@16$(210,212, zone)
0.087039;True;clear;org.joda.time.tz.CachedDateTimeZone%createInfo#3@8$(163,(167,168), end)
0.087039;True;clear;org.joda.time.tz.CachedDateTimeZone%createInfo#3@13$(166,(167,168), next)
0.086066;False;clear;org.joda.time.tz.CachedDateTimeZone%createInfo#3@5$(160,(167,167), periodStart)
0.086066;False;clear;org.joda.time.tz.CachedDateTimeZone%createInfo#3@11$(166,(167,167), next)
0.085436;False;clear;org.joda.time.DateTimeZone%forID#2@3$(204,(207,210), id)
0.085436;False;clear;org.joda.time.DateTimeZone%forID#2@4$(204,210, id)
0.085436;False;clear;org.joda.time.DateTimeZone%forID#2@13$(204,210, cProvider)
0.085126;False;clear;org.joda.time.tz.ZoneInfoProvider%getZone#2@13$(140,(141,145), obj)
0.083624;False;clear;org.joda.time.DateTimeZone%forID#2@1$(204,(204,207), id)
0.083624;False;clear;org.joda.time.tz.CachedDateTimeZone%createInfo#3@0$(160,166, this)
0.083624;False;clear;org.joda.time.tz.CachedDateTimeZone%createInfo#3@2$(160,166, this.iZone)
0.083624;False;clear;org.joda.time.tz.CachedDateTimeZone%createInfo#3@4$(160,166, periodStart)
0.083624;False;clear;org.joda.time.tz.CachedDateTimeZone%createInfo#3@7$(161,174, info)
0.083624;False;clear;org.joda.time.tz.CachedDateTimeZone%getInfo#2@0$(148,153, this)
0.083624;False;clear;org.joda.time.tz.CachedDateTimeZone%getInfo#2@1$(148,153, millis)
0.083624;False;clear;org.joda.time.tz.CachedDateTimeZone%getInfo#2@4$(149,154, cache)
0.083624;False;clear;org.joda.time.tz.CachedDateTimeZone%getInfo#2@5$(150,154, index)
0.083624;False;clear;org.joda.time.tz.CachedDateTimeZone%getInfo#2@13$(153,156, info)
0.083045;False;clear;org.joda.time.tz.DateTimeZoneBuilder$PrecalculatedZone%getOffset#3@16$(1529,(1530,1533), i)
0.083045;False;clear;org.joda.time.tz.DateTimeZoneBuilder$PrecalculatedZone%getOffset#3@17$(1529,1533, i)
0.082761;True;clear;org.joda.time.tz.CachedDateTimeZone$Info%getOffset#1@2$(204,(205,206), this)
0.082761;True;clear;org.joda.time.tz.CachedDateTimeZone$Info%getOffset#1@5$(204,206, this)
0.082761;True;clear;org.joda.time.tz.CachedDateTimeZone$Info%getOffset#1@19$(204,(205,206), this.iOffset)
0.082761;True;clear;org.joda.time.tz.CachedDateTimeZone$Info%getOffset#1@22$(204,206, this.iZoneRef)
0.082761;True;clear;org.joda.time.tz.CachedDateTimeZone$Info%getOffset#1@23$(204,206, this.iPeriodStart)
0.082761;True;clear;org.joda.time.tz.CachedDateTimeZone$Info%getOffset#1@24$(206,208, this.iOffset)
0.082761;False;clear;org.joda.time.tz.ZoneInfoProvider%getZone#2@0$(136,140, this)
0.082761;False;clear;org.joda.time.tz.ZoneInfoProvider%getZone#2@5$(136,(136,140), id)
0.082761;False;clear;org.joda.time.tz.ZoneInfoProvider%getZone#2@6$(136,140, id)
0.082761;False;clear;org.joda.time.tz.ZoneInfoProvider%getZone#2@11$(136,140, this.iZoneInfoMap)
0.080064;True;clear;org.joda.time.tz.DateTimeZoneBuilder$PrecalculatedZone%nextTransition#5@15$(1571,(1572,1572), i)
0.080064;False;clear;org.joda.time.tz.DateTimeZoneBuilder$PrecalculatedZone%nextTransition#5@16$(1571,1572, i)
0.080064;True;clear;org.joda.time.chrono.BasicGJChronology%setYear#5@3$(175,(188,190), this)
0.080064;True;clear;org.joda.time.chrono.BasicGJChronology%setYear#5@8$(175,(188,190), year)
0.080064;True;clear;org.joda.time.chrono.BasicGJChronology%setYear#5@17$(176,190, dayOfYear)
0.080064;True;clear;org.joda.time.chrono.BasicGJChronology%setYear#5@21$(190,195, dayOfYear)
0.076029;True;clear;org.joda.time.DateTimeZone%getOffsetFromLocal#20@8$(882,(900,910), offsetLocal)
0.065094;False;clear;org.joda.time.format.DateTimeFormatterBuilder$Fraction%printTo#1@10$(1908,(1924,1925), buf)
0.065094;True;clear;org.joda.time.format.DateTimeFormatterBuilder$Fraction%printTo#1@12$(1908,1926, buf)
0.065094;False;clear;org.joda.time.format.DateTimeFormatterBuilder$Fraction%printTo#1@24$(1909,1925, minDigits)
0.065094;False;clear;org.joda.time.format.DateTimeFormatterBuilder$Fraction%printTo#1@25$(1913,(1923,1924), fraction)
0.065094;True;clear;org.joda.time.format.DateTimeFormatterBuilder$Fraction%printTo#1@28$(1925,(1925,1926), minDigits)
0.065094;False;clear;org.joda.time.format.DateTimeFormatterBuilder$Fraction%printTo#1@29$(1925,(1925,1933), minDigits)
0.065094;True;clear;org.joda.time.format.DateTimeFormatterBuilder$Fraction%printTo#1@30$(1925,1925, minDigits)
0.056614;True;clear;org.joda.time.format.ISODateTimeFormat%dateTime#20@1$(953,(953,959), dt)
0.056614;True;clear;org.joda.time.format.ISODateTimeFormat%dateTime#20@2$(953,959, dt)
0.054313;False;clear;org.joda.time.format.DateTimeFormatterBuilder$TimeZoneOffset%printTo#2@39$(2112,(2112,2115), displayZone)
0.052778;True;clear;org.joda.time.field.PreciseDurationDateTimeField%remainder#3@1$(126,127, this)
0.052778;True;clear;org.joda.time.field.PreciseDurationDateTimeField%remainder#3@2$(126,(126,127), instant)
0.052778;True;clear;org.joda.time.field.PreciseDurationDateTimeField%remainder#3@5$(126,127, instant)
0.052778;True;clear;org.joda.time.field.PreciseDurationDateTimeField%remainder#3@7$(126,127, this.iUnitMillis)
0.052486;True;clear;org.joda.time.chrono.BasicGJChronology%getMonthOfYear#0@47$(88,(93,93), i)
0.051031;False;clear;org.joda.time.chrono.BasicGJChronology%getMonthOfYear#0@45$(88,(93,93), i)
0.050965;False;clear;org.joda.time.format.DateTimeFormatterBuilder$Composite%printTo#1@5$(2614,(2619,2621), locale)
0.050965;True;clear;org.joda.time.format.DateTimeFormatterBuilder$Composite%printTo#1@12$(2621,2626, locale)
0.050899;True;clear;org.joda.time.chrono.BasicGJChronology%getMonthOfYear#0@30$(88,(93,93), i)
0.050572;True;clear;org.joda.time.chrono.BasicGJChronology%getMonthOfYear#0@25$(88,(93,93), i)
0.050379;True;clear;org.joda.time.format.FormatUtils%appendPaddedInteger#0@32$(50,(68,74), size)
0.050315;True;clear;org.joda.time.format.FormatUtils%appendPaddedInteger#0@14$(50,(67,68), value)
0.050315;True;clear;org.joda.time.format.FormatUtils%appendPaddedInteger#0@22$(50,74, value)
0.050315;True;clear;org.joda.time.format.FormatUtils%appendPaddedInteger#0@23$(50,77, value)
0.050252;False;clear;org.joda.time.format.FormatUtils%appendPaddedInteger#0@2$(50,75, buf)
0.050252;False;clear;org.joda.time.format.FormatUtils%appendPaddedInteger#0@3$(50,77, buf)
0.050000;False;clear;org.joda.time.format.DateTimeFormatterBuilder$Composite%printTo#1@0$(2614,2626, buf)
0.050000;False;clear;org.joda.time.format.DateTimeFormatterBuilder$Composite%printTo#1@1$(2614,2626, instant)
0.050000;False;clear;org.joda.time.format.DateTimeFormatterBuilder$Composite%printTo#1@2$(2614,2626, chrono)
0.050000;False;clear;org.joda.time.format.DateTimeFormatterBuilder$Composite%printTo#1@3$(2614,2626, displayOffset)
0.050000;False;clear;org.joda.time.format.DateTimeFormatterBuilder$Composite%printTo#1@4$(2614,2626, displayZone)
0.050000;False;clear;org.joda.time.format.DateTimeFormatterBuilder$Composite%printTo#1@9$(2614,(2615,2619), elements)
0.050000;False;clear;org.joda.time.format.DateTimeFormatterBuilder$Composite%printTo#1@10$(2614,2624, elements)
0.050000;False;clear;org.joda.time.format.DateTimeFormatterBuilder$Composite%printTo#1@11$(2614,2626, elements)
0.050000;False;clear;org.joda.time.format.DateTimeFormatterBuilder$Composite%printTo#1@13$(2624,(2625,2626), len)
0.050000;False;clear;org.joda.time.format.DateTimeFormatterBuilder$Composite%printTo#1@14$(2624,(2625,2628), len)
0.050000;False;clear;org.joda.time.format.DateTimeFormatterBuilder$Composite%printTo#1@15$(2625,(2625,2626), i)
0.050000;False;clear;org.joda.time.format.DateTimeFormatterBuilder$Composite%printTo#1@17$(2625,2626, i)
0.050000;False;clear;org.joda.time.format.DateTimeFormatterBuilder$Composite%printTo#1@18$(2625,2625, i)
0.050000;True;clear;org.joda.time.format.DateTimeFormatterBuilder$Composite%printTo#1@19$(2625,(2625,2626), i)
0.050000;False;clear;org.joda.time.format.DateTimeFormatterBuilder$Composite%printTo#1@20$(2625,(2625,2628), i)
0.050000;True;clear;org.joda.time.format.DateTimeFormatterBuilder$Composite%printTo#1@21$(2625,2626, i)
0.050000;True;clear;org.joda.time.format.DateTimeFormatterBuilder$Composite%printTo#1@22$(2625,2625, i)
0.049447;True;clear;org.joda.time.format.DateTimeFormatter%printTo#9@3$(617,(624,630), instant)
0.049447;True;clear;org.joda.time.format.DateTimeFormatter%printTo#9@16$(623,(624,630), adjustedInstant)
0.049386;True;clear;org.joda.time.DateTimeFieldType$StandardDateTimeFieldType%getField#1@20$(480,(482,522), this)
0.049386;True;clear;org.joda.time.DateTimeFieldType$StandardDateTimeFieldType%getField#1@44$(480,(482,522), this.iOrdinal)
0.049386;True;clear;org.joda.time.DateTimeFieldType$StandardDateTimeFieldType%getField#1@51$(480,522, chronology)
0.049326;False;clear;org.joda.time.format.DateTimeFormatter%printTo#9@0$(617,630, this)
0.049326;False;clear;org.joda.time.format.DateTimeFormatter%printTo#9@1$(617,630, buf)
0.049326;False;clear;org.joda.time.format.DateTimeFormatter%printTo#9@8$(617,630, this.iLocale)
0.049326;False;clear;org.joda.time.format.DateTimeFormatter%printTo#9@9$(617,630, printer)
0.049326;False;clear;org.joda.time.format.DateTimeFormatter%printTo#9@10$(618,630, chrono)
0.049326;False;clear;org.joda.time.format.DateTimeFormatter%printTo#9@11$(621,630, zone)
0.049326;False;clear;org.joda.time.format.DateTimeFormatter%printTo#9@12$(622,630, offset)
0.049326;False;clear;org.joda.time.format.DateTimeFormatter%printTo#9@17$(623,630, adjustedInstant)
0.049266;True;clear;org.joda.time.format.FormatUtils%appendPaddedInteger#0@18$(50,(82,83), value)
0.049266;False;clear;org.joda.time.format.FormatUtils%appendPaddedInteger#0@66$(83,(87,90), digits)
0.049266;False;clear;org.joda.time.chrono.BasicGJChronology%getMonthOfYear#0@29$(88,(93,93), i)
0.049207;False;clear;org.joda.time.format.FormatUtils%appendPaddedInteger#0@17$(50,(80,82), value)
0.048912;False;clear;org.joda.time.format.FormatUtils%appendPaddedInteger#0@0$(50,90, buf)
0.048912;False;clear;org.joda.time.format.FormatUtils%appendPaddedInteger#0@15$(50,(67,80), value)
0.048912;False;clear;org.joda.time.format.FormatUtils%appendPaddedInteger#0@21$(50,90, value)
0.048912;True;clear;org.joda.time.format.FormatUtils%appendPaddedInteger#0@29$(50,(87,90), size)
0.048393;False;clear;org.joda.time.chrono.BasicGJChronology%setYear#5@2$(175,(180,188), this)
0.048393;False;clear;org.joda.time.chrono.BasicGJChronology%setYear#5@13$(175,(180,188), thisYear)
0.048393;False;clear;org.joda.time.chrono.BasicGJChronology%getMonthOfYear#0@23$(88,(93,93), i)
0.048393;False;clear;org.joda.time.chrono.BasicGJChronology%getMonthOfYear#0@27$(88,(93,93), i)
0.047298;False;clear;org.joda.time.chrono.BasicGJChronology%getMonthOfYear#0@38$(88,(93,93), i)
0.045835;False;clear;org.joda.time.format.FormatUtils%appendPaddedInteger#0@6$(50,64, buf)
0.045835;True;clear;org.joda.time.format.FormatUtils%appendPaddedInteger#0@12$(50,(62,63), value)
0.045835;True;clear;org.joda.time.format.FormatUtils%appendPaddedInteger#0@24$(50,66, value)
0.045835;False;clear;org.joda.time.format.FormatUtils%appendPaddedInteger#0@34$(50,(63,64), size)
0.045835;False;clear;org.joda.time.format.FormatUtils%appendPaddedInteger#0@36$(50,63, size)
0.045835;False;clear;org.joda.time.format.FormatUtils%appendPaddedInteger#0@58$(63,(63,66), size)
0.045787;False;clear;org.joda.time.format.FormatUtils%appendPaddedInteger#0@5$(50,66, buf)
0.045268;True;clear;org.joda.time.format.DateTimeFormatter%selectChronology#18@12$(935,942, chrono)
0.044023;False;clear;org.joda.time.format.FormatUtils%appendPaddedInteger#0@13$(50,(62,67), value)
0.043561;False;clear;org.joda.time.format.DateTimeFormatter%selectChronology#18@1$(935,(936,939), this)
0.043561;False;clear;org.joda.time.format.DateTimeFormatter%selectChronology#18@7$(935,(936,939), this.iChrono)
0.043561;True;clear;org.joda.time.format.DateTimeFormatter%requirePrinter#11@1$(656,(657,660), printer)
0.043561;True;clear;org.joda.time.format.DateTimeFormatter%requirePrinter#11@2$(656,660, printer)
0.043315;False;clear;org.joda.time.chrono.BasicGJChronology%getMonthOfYear#0@26$(88,(93,93), i)
0.043033;True;clear;org.joda.time.tz.DateTimeZoneBuilder$OfYear%setDayOfMonth#5@1$(706,(706,709), this)
0.043033;True;clear;org.joda.time.tz.DateTimeZoneBuilder$OfYear%setDayOfMonth#5@2$(706,711, this)
0.043033;True;clear;org.joda.time.tz.DateTimeZoneBuilder$OfYear%setDayOfMonth#5@4$(706,709, chrono)
0.043033;True;clear;org.joda.time.tz.DateTimeZoneBuilder$OfYear%setDayOfMonth#5@5$(706,710, chrono)
0.043033;True;clear;org.joda.time.tz.DateTimeZoneBuilder$OfYear%setDayOfMonth#5@6$(706,711, chrono)
0.043033;True;clear;org.joda.time.tz.DateTimeZoneBuilder$OfYear%setDayOfMonth#5@8$(706,709, instant)
0.043033;True;clear;org.joda.time.tz.DateTimeZoneBuilder$OfYear%setDayOfMonth#5@11$(706,(706,709), this.iDayOfMonth)
0.043033;True;clear;org.joda.time.tz.DateTimeZoneBuilder$OfYear%setDayOfMonth#5@12$(706,711, this.iDayOfMonth)
0.043033;True;clear;org.joda.time.tz.DateTimeZoneBuilder$OfYear%setDayOfMonth#5@15$(711,713, instant)
0.043033;False;clear;org.joda.time.tz.DateTimeZoneBuilder$OfYear%setDayOfWeek#6@1$(717,(720,725), this)
0.043033;False;clear;org.joda.time.tz.DateTimeZoneBuilder$OfYear%setDayOfWeek#6@6$(717,(720,725), this.iAdvance)
0.043033;True;clear;org.joda.time.tz.DateTimeZoneBuilder$OfYear%setDayOfWeek#6@9$(718,(725,726), daysToAdd)
0.043033;True;clear;org.joda.time.tz.DateTimeZoneBuilder$OfYear%setDayOfWeek#6@12$(718,726, daysToAdd)
0.043033;True;clear;org.joda.time.tz.DateTimeZoneBuilder$OfYear%setDayOfWeek#6@17$(726,729, daysToAdd)
0.042718;False;clear;org.joda.time.tz.DateTimeZoneBuilder$OfYear%setDayOfWeek#6@2$(717,729, chrono)
0.042718;False;clear;org.joda.time.tz.DateTimeZoneBuilder$OfYear%setDayOfWeek#6@4$(717,729, instant)
0.042718;False;clear;org.joda.time.tz.DateTimeZoneBuilder$OfYear%setDayOfWeek#6@7$(718,(719,720), daysToAdd)
0.042718;False;clear;org.joda.time.tz.DateTimeZoneBuilder$OfYear%setDayOfWeek#6@18$(729,731, instant)
0.042718;False;clear;org.joda.time.DateTimeUtils%getInstantChronology#4@1$(164,(164,167), instant)
0.042718;False;clear;org.joda.time.DateTimeUtils%getInstantChronology#4@2$(164,167, instant)
0.042718;True;clear;org.joda.time.DateTimeUtils%getInstantChronology#4@4$(167,(168,171), chrono)
0.042718;True;clear;org.joda.time.DateTimeUtils%getInstantChronology#4@5$(167,171, chrono)
0.042220;False;clear;org.joda.time.chrono.BasicGJChronology%getMonthOfYear#0@0$(88,(93,93), this)
0.042220;False;clear;org.joda.time.chrono.BasicGJChronology%getMonthOfYear#0@2$(88,(93,93), year)
0.042033;False;clear;org.joda.time.format.FormatUtils%appendPaddedInteger#0@11$(50,(50,62), value)
0.041451;True;clear;org.joda.time.chrono.BasicYearDateTimeField%add#0@0$(58,61, this)
0.041451;True;clear;org.joda.time.chrono.BasicYearDateTimeField%add#0@1$(58,63, this)
0.041451;True;clear;org.joda.time.chrono.BasicYearDateTimeField%add#0@2$(58,61, instant)
0.041451;True;clear;org.joda.time.chrono.BasicYearDateTimeField%add#0@3$(58,63, instant)
0.041451;True;clear;org.joda.time.chrono.BasicYearDateTimeField%add#0@6$(58,(58,61), years)
0.041451;True;clear;org.joda.time.chrono.BasicYearDateTimeField%add#0@7$(58,62, years)
0.041345;True;clear;org.joda.time.chrono.BasicGJChronology%getMonthOfYear#0@8$(88,(93,93), i)
0.041239;True;clear;org.joda.time.DateTimeUtils%getInstantMillis#3@1$(146,(146,149), instant)
0.041239;True;clear;org.joda.time.DateTimeUtils%getInstantMillis#3@2$(146,149, instant)
0.040859;False;clear;org.joda.time.format.DateTimeFormatter%selectChronology#18@3$(935,(939,942), this)
0.040859;False;clear;org.joda.time.format.DateTimeFormatter%selectChronology#18@10$(935,(939,942), this.iZone)
0.040589;True;clear;org.joda.time.chrono.BasicMonthOfYearDateTimeField%add#0@10$(92,114, this)
0.040589;True;clear;org.joda.time.chrono.BasicMonthOfYearDateTimeField%add#0@11$(92,115, this)
0.040589;True;clear;org.joda.time.chrono.BasicMonthOfYearDateTimeField%add#0@30$(92,114, this.iMax)
0.040589;True;clear;org.joda.time.chrono.BasicMonthOfYearDateTimeField%add#0@31$(92,115, this.iMax)
0.040589;True;clear;org.joda.time.chrono.BasicMonthOfYearDateTimeField%add#0@35$(103,114, thisYear)
0.040589;True;clear;org.joda.time.chrono.BasicMonthOfYearDateTimeField%add#0@37$(112,(113,114), monthToUse)
0.040589;True;clear;org.joda.time.chrono.BasicMonthOfYearDateTimeField%add#0@41$(112,114, monthToUse)
0.040589;True;clear;org.joda.time.chrono.BasicMonthOfYearDateTimeField%add#0@42$(112,115, monthToUse)
0.040589;True;clear;org.joda.time.chrono.BasicMonthOfYearDateTimeField%add#0@43$(114,137, yearToUse)
0.040589;True;clear;org.joda.time.chrono.BasicMonthOfYearDateTimeField%add#0@44$(114,144, yearToUse)
0.040589;True;clear;org.joda.time.chrono.BasicMonthOfYearDateTimeField%add#0@45$(115,137, monthToUse)
0.040589;True;clear;org.joda.time.chrono.BasicMonthOfYearDateTimeField%add#0@46$(115,144, monthToUse)
0.040456;True;clear;org.joda.time.chrono.BasicMonthOfYearDateTimeField%add#0@61$(136,(138,144), dayToUse)
0.040456;True;clear;org.joda.time.chrono.BasicMonthOfYearDateTimeField%add#0@62$(136,144, dayToUse)
0.040456;True;clear;org.joda.time.chrono.BasicMonthOfYearDateTimeField%add#0@64$(137,(138,144), maxDay)
0.040357;False;clear;org.joda.time.chrono.BasicMonthOfYearDateTimeField%add#0@0$(92,98, this)
0.040357;False;clear;org.joda.time.chrono.BasicMonthOfYearDateTimeField%add#0@1$(92,103, this)
0.040357;False;clear;org.joda.time.chrono.BasicMonthOfYearDateTimeField%add#0@2$(92,104, this)
0.040357;False;clear;org.joda.time.chrono.BasicMonthOfYearDateTimeField%add#0@6$(92,136, this)
0.040357;False;clear;org.joda.time.chrono.BasicMonthOfYearDateTimeField%add#0@7$(92,137, this)
0.040357;False;clear;org.joda.time.chrono.BasicMonthOfYearDateTimeField%add#0@8$(92,144, this)
0.040357;False;clear;org.joda.time.chrono.BasicMonthOfYearDateTimeField%add#0@12$(92,98, instant)
0.040357;False;clear;org.joda.time.chrono.BasicMonthOfYearDateTimeField%add#0@13$(92,103, instant)
0.040357;False;clear;org.joda.time.chrono.BasicMonthOfYearDateTimeField%add#0@14$(92,104, instant)
0.040357;False;clear;org.joda.time.chrono.BasicMonthOfYearDateTimeField%add#0@15$(92,136, instant)
0.040357;False;clear;org.joda.time.chrono.BasicMonthOfYearDateTimeField%add#0@18$(92,(92,98), months)
0.040357;False;clear;org.joda.time.chrono.BasicMonthOfYearDateTimeField%add#0@19$(92,112, months)
0.040357;False;clear;org.joda.time.chrono.BasicMonthOfYearDateTimeField%add#0@20$(92,98, this.iChronology)
0.040357;False;clear;org.joda.time.chrono.BasicMonthOfYearDateTimeField%add#0@21$(92,103, this.iChronology)
0.040357;False;clear;org.joda.time.chrono.BasicMonthOfYearDateTimeField%add#0@22$(92,104, this.iChronology)
0.040357;False;clear;org.joda.time.chrono.BasicMonthOfYearDateTimeField%add#0@23$(92,136, this.iChronology)
0.040357;False;clear;org.joda.time.chrono.BasicMonthOfYearDateTimeField%add#0@24$(92,137, this.iChronology)
0.040357;False;clear;org.joda.time.chrono.BasicMonthOfYearDateTimeField%add#0@25$(92,144, this.iChronology)
0.040357;False;clear;org.joda.time.chrono.BasicMonthOfYearDateTimeField%add#0@32$(98,146, timePart)
0.040357;False;clear;org.joda.time.chrono.BasicMonthOfYearDateTimeField%add#0@34$(103,136, thisYear)
0.040357;False;clear;org.joda.time.chrono.BasicMonthOfYearDateTimeField%add#0@36$(104,136, thisMonth)
0.040000;True;clear;org.joda.time.chrono.BasicGJChronology%getTotalMillisByYearMonth#3@0$(139,(139,140), this)
0.040000;True;clear;org.joda.time.chrono.BasicGJChronology%getTotalMillisByYearMonth#3@2$(139,(139,140), year)
0.040000;True;clear;org.joda.time.chrono.BasicGJChronology%getTotalMillisByYearMonth#3@5$(139,140, month)
0.040000;True;clear;org.joda.time.chrono.BasicGJChronology%getTotalMillisByYearMonth#3@6$(139,140, MAX_TOTAL_MILLIS_BY_MONTH_ARRAY)
0.039746;True;clear;org.joda.time.chrono.GregorianChronology%isLeapYear#4@3$(197,(197,197), year)
0.039528;False;clear;org.joda.time.chrono.BasicGJChronology%getMonthOfYear#0@16$(88,(93,93), i)
0.039406;True;clear;org.joda.time.chrono.ZonedChronology%localToUTC#3@1$(139,(142,147), zone)
0.039406;True;clear;org.joda.time.chrono.ZonedChronology%localToUTC#3@3$(140,(142,147), offset)
0.039406;True;clear;org.joda.time.chrono.ZonedChronology%localToUTC#3@5$(141,(142,147), instant)
0.039406;True;clear;org.joda.time.chrono.ZonedChronology%localToUTC#3@6$(141,147, instant)
0.039284;True;clear;org.joda.time.chrono.BasicChronology%getDayOfWeek#10@0$(534,(534,535), instant)
0.039284;True;clear;org.joda.time.chrono.BasicChronology%getDayOfWeek#10@3$(534,535, instant)
0.039284;True;clear;org.joda.time.chrono.BasicChronology%getDayOfWeek#10@4$(535,544, daysSince19700101)
0.039253;True;clear;org.joda.time.chrono.BasicGJChronology%getDaysInYearMonth#1@0$(120,(120,121), this)
0.039253;True;clear;org.joda.time.chrono.BasicGJChronology%getDaysInYearMonth#1@2$(120,(120,121), year)
0.039253;True;clear;org.joda.time.chrono.BasicGJChronology%getDaysInYearMonth#1@5$(120,121, month)
0.039253;True;clear;org.joda.time.chrono.BasicGJChronology%getDaysInYearMonth#1@6$(120,121, MAX_DAYS_PER_MONTH_ARRAY)
0.039133;True;clear;org.joda.time.field.FieldUtils%safeAdd#1@1$(64,(66,70), val1)
0.039133;True;clear;org.joda.time.field.FieldUtils%safeAdd#1@9$(64,(66,70), sum)
0.039014;False;clear;org.joda.time.chrono.BasicGJChronology%getMonthOfYear#0@7$(88,(93,93), i)
0.038984;False;clear;org.joda.time.chrono.GregorianChronology%isLeapYear#4@0$(197,(197,197), year)
0.038866;True;clear;org.joda.time.DateTimeFieldType$StandardDateTimeFieldType%getField#1@21$(480,(482,524), this)
0.038866;True;clear;org.joda.time.DateTimeFieldType$StandardDateTimeFieldType%getField#1@45$(480,(482,524), this.iOrdinal)
0.038866;True;clear;org.joda.time.DateTimeFieldType$StandardDateTimeFieldType%getField#1@50$(480,524, chronology)
0.038720;False;clear;org.joda.time.field.FieldUtils%safeAdd#1@10$(64,70, sum)
0.038376;False;clear;org.joda.time.chrono.BasicGJChronology%getMonthOfYear#0@5$(88,(93,93), i)
0.037662;False;clear;org.joda.time.DateTimeZone%getOffsetFromLocal#20@6$(882,(887,900), offsetLocal)
0.037662;False;clear;org.joda.time.DateTimeZone%getOffsetFromLocal#20@20$(885,(887,900), offsetAdjusted)
0.037609;False;clear;org.joda.time.chrono.BasicGJChronology%setYear#5@14$(176,(179,180), dayOfYear)
0.037556;False;clear;org.joda.time.tz.CachedDateTimeZone$Info%getOffset#1@0$(204,(204,204), this)
0.037556;False;clear;org.joda.time.tz.CachedDateTimeZone$Info%getOffset#1@12$(204,(204,204), this.iNextInfo)
0.037477;False;clear;org.joda.time.DateTimeZone%getOffsetFromLocal#20@21$(885,910, offsetAdjusted)
0.037294;True;clear;org.joda.time.DateTimeFieldType$StandardDateTimeFieldType%getField#1@8$(480,(482,498), this)
0.037294;True;clear;org.joda.time.DateTimeFieldType$StandardDateTimeFieldType%getField#1@32$(480,(482,498), this.iOrdinal)
0.037294;True;clear;org.joda.time.DateTimeFieldType$StandardDateTimeFieldType%getField#1@63$(480,498, chronology)
0.036637;True;clear;org.joda.time.DateTimeFieldType$StandardDateTimeFieldType%getField#1@19$(480,(482,520), this)
0.036637;True;clear;org.joda.time.DateTimeFieldType$StandardDateTimeFieldType%getField#1@43$(480,(482,520), this.iOrdinal)
0.036637;True;clear;org.joda.time.DateTimeFieldType$StandardDateTimeFieldType%getField#1@52$(480,520, chronology)
0.036108;True;clear;org.joda.time.chrono.BasicGJChronology%getDaysInMonthMaxForSet#2@3$(134,(134,134), value)
0.036061;True;clear;org.joda.time.DateTimeFieldType$StandardDateTimeFieldType%getField#1@7$(480,(482,496), this)
0.036061;True;clear;org.joda.time.DateTimeFieldType$StandardDateTimeFieldType%getField#1@31$(480,(482,496), this.iOrdinal)
0.036061;True;clear;org.joda.time.DateTimeFieldType$StandardDateTimeFieldType%getField#1@64$(480,496, chronology)
0.035991;True;clear;org.joda.time.DateTimeFieldType$StandardDateTimeFieldType%getField#1@17$(480,(482,516), this)
0.035991;True;clear;org.joda.time.DateTimeFieldType$StandardDateTimeFieldType%getField#1@41$(480,(482,516), this.iOrdinal)
0.035991;True;clear;org.joda.time.DateTimeFieldType$StandardDateTimeFieldType%getField#1@54$(480,516, chronology)
0.035898;True;clear;org.joda.time.DateTimeFieldType$StandardDateTimeFieldType%getField#1@5$(480,(482,492), this)
0.035898;True;clear;org.joda.time.DateTimeFieldType$StandardDateTimeFieldType%getField#1@29$(480,(482,492), this.iOrdinal)
0.035898;True;clear;org.joda.time.DateTimeFieldType$StandardDateTimeFieldType%getField#1@66$(480,492, chronology)
0.035422;False;clear;org.joda.time.chrono.BasicGJChronology%getDaysInMonthMaxForSet#2@0$(134,134, this)
0.035422;False;clear;org.joda.time.chrono.BasicGJChronology%getDaysInMonthMaxForSet#2@1$(134,134, instant)
0.034794;False;clear;org.joda.time.chrono.BasicMonthOfYearDateTimeField%set#4@0$(292,303, this)
0.034794;False;clear;org.joda.time.chrono.BasicMonthOfYearDateTimeField%set#4@1$(292,303, instant)
0.034794;False;clear;org.joda.time.chrono.BasicMonthOfYearDateTimeField%set#4@2$(292,303, month)
0.034794;False;clear;org.joda.time.chrono.BasicMonthOfYearDateTimeField%set#4@3$(292,303, this.iChronology)
0.034794;False;clear;org.joda.time.chrono.BasicMonthOfYearDateTimeField%set#4@4$(294,303, thisYear)
0.034794;True;clear;org.joda.time.chrono.BasicMonthOfYearDateTimeField%set#4@6$(296,(298,303), thisDom)
0.034794;True;clear;org.joda.time.chrono.BasicMonthOfYearDateTimeField%set#4@7$(296,303, thisDom)
0.034794;True;clear;org.joda.time.chrono.BasicMonthOfYearDateTimeField%set#4@9$(297,(298,303), maxDom)
0.034586;False;clear;org.joda.time.chrono.BasicGJChronology%setYear#5@0$(175,195, this)
0.034586;False;clear;org.joda.time.chrono.BasicGJChronology%setYear#5@7$(175,195, year)
0.034586;False;clear;org.joda.time.chrono.BasicGJChronology%setYear#5@19$(177,196, millisOfDay)
0.033389;True;clear;org.joda.time.chrono.AssembledChronology%getDateTimeMillis#2@3$(131,(131,133), this)
0.033389;True;clear;org.joda.time.chrono.AssembledChronology%getDateTimeMillis#2@6$(131,133, year)
0.033389;True;clear;org.joda.time.chrono.AssembledChronology%getDateTimeMillis#2@8$(131,133, monthOfYear)
0.033389;True;clear;org.joda.time.chrono.AssembledChronology%getDateTimeMillis#2@10$(131,133, dayOfMonth)
0.033389;True;clear;org.joda.time.chrono.AssembledChronology%getDateTimeMillis#2@12$(131,133, hourOfDay)
0.033389;True;clear;org.joda.time.chrono.AssembledChronology%getDateTimeMillis#2@14$(131,133, minuteOfHour)
0.033389;True;clear;org.joda.time.chrono.AssembledChronology%getDateTimeMillis#2@16$(131,133, secondOfMinute)
0.033389;True;clear;org.joda.time.chrono.AssembledChronology%getDateTimeMillis#2@18$(131,133, millisOfSecond)
0.033389;True;clear;org.joda.time.chrono.AssembledChronology%getDateTimeMillis#2@21$(131,(131,133), this.iBaseFlags)
0.033389;True;clear;org.joda.time.chrono.AssembledChronology%getDateTimeMillis#2@23$(131,133, base)
0.033333;True;clear;org.joda.time.chrono.BasicChronology%getMillisOfDay#11@0$(551,(551,552), instant)
0.033333;True;clear;org.joda.time.chrono.BasicChronology%getMillisOfDay#11@3$(551,552, instant)
0.033168;False;clear;org.joda.time.chrono.AssembledChronology%getDateTimeMillis#2@0$(131,(131,131), this)
0.033168;False;clear;org.joda.time.chrono.AssembledChronology%getDateTimeMillis#2@19$(131,(131,131), this.iBase)
0.033150;True;clear;org.joda.time.field.FieldUtils%safeAdd#2@1$(82,(84,88), val1)
0.033150;True;clear;org.joda.time.field.FieldUtils%safeAdd#2@9$(82,(84,88), sum)
0.033077;False;clear;org.joda.time.chrono.BasicGJChronology%getMonthOfYear#0@4$(88,(93,93), i)
0.033059;False;clear;org.joda.time.field.FieldUtils%safeAdd#2@10$(82,88, sum)
0.032933;True;clear;org.joda.time.chrono.BasicChronology%getDateTimeMillis#3@1$(167,(167,172), this)
0.032933;True;clear;org.joda.time.chrono.BasicChronology%getDateTimeMillis#3@2$(167,177, this)
0.032933;True;clear;org.joda.time.chrono.BasicChronology%getDateTimeMillis#3@3$(167,177, year)
0.032933;True;clear;org.joda.time.chrono.BasicChronology%getDateTimeMillis#3@5$(167,177, monthOfYear)
0.032933;True;clear;org.joda.time.chrono.BasicChronology%getDateTimeMillis#3@7$(167,177, dayOfMonth)
0.032933;True;clear;org.joda.time.chrono.BasicChronology%getDateTimeMillis#3@9$(167,172, hourOfDay)
0.032933;True;clear;org.joda.time.chrono.BasicChronology%getDateTimeMillis#3@10$(167,177, hourOfDay)
0.032933;True;clear;org.joda.time.chrono.BasicChronology%getDateTimeMillis#3@12$(167,173, minuteOfHour)
0.032933;True;clear;org.joda.time.chrono.BasicChronology%getDateTimeMillis#3@13$(167,177, minuteOfHour)
0.032933;True;clear;org.joda.time.chrono.BasicChronology%getDateTimeMillis#3@15$(167,174, secondOfMinute)
0.032933;True;clear;org.joda.time.chrono.BasicChronology%getDateTimeMillis#3@16$(167,177, secondOfMinute)
0.032933;True;clear;org.joda.time.chrono.BasicChronology%getDateTimeMillis#3@18$(167,175, millisOfSecond)
0.032933;True;clear;org.joda.time.chrono.BasicChronology%getDateTimeMillis#3@19$(167,177, millisOfSecond)
0.030056;True;clear;org.joda.time.chrono.BasicGJChronology%getDaysInYearMonth#1@1$(120,(120,123), this)
0.030056;True;clear;org.joda.time.chrono.BasicGJChronology%getDaysInYearMonth#1@3$(120,(120,123), year)
0.030056;True;clear;org.joda.time.chrono.BasicGJChronology%getDaysInYearMonth#1@4$(120,123, month)
0.030056;True;clear;org.joda.time.chrono.BasicGJChronology%getDaysInYearMonth#1@7$(120,123, MIN_DAYS_PER_MONTH_ARRAY)
0.029630;True;clear;org.joda.time.field.FieldUtils%verifyValueBounds#9@5$(232,(232,237), value)
0.029630;True;clear;org.joda.time.field.FieldUtils%verifyValueBounds#9@11$(232,(232,237), upperBound)
0.029617;False;clear;org.joda.time.field.FieldUtils%verifyValueBounds#9@1$(232,(232,232), value)
0.029617;False;clear;org.joda.time.field.FieldUtils%verifyValueBounds#9@6$(232,(232,232), lowerBound)
0.029099;False;clear;org.joda.time.chrono.BasicGJChronology%getMonthOfYear#0@1$(88,(93,93), this)
0.029099;False;clear;org.joda.time.chrono.BasicGJChronology%getMonthOfYear#0@3$(88,(93,93), year)
0.028928;True;clear;org.joda.time.tz.CachedDateTimeZone$Info%getOffset#1@1$(204,(204,205), this)
0.028928;True;clear;org.joda.time.tz.CachedDateTimeZone$Info%getOffset#1@13$(204,(204,205), this.iNextInfo)
0.028606;True;clear;org.joda.time.chrono.BasicGJChronology%getTotalMillisByYearMonth#3@1$(139,(139,142), this)
0.028606;True;clear;org.joda.time.chrono.BasicGJChronology%getTotalMillisByYearMonth#3@3$(139,(139,142), year)
0.028606;True;clear;org.joda.time.chrono.BasicGJChronology%getTotalMillisByYearMonth#3@4$(139,142, month)
0.028606;True;clear;org.joda.time.chrono.BasicGJChronology%getTotalMillisByYearMonth#3@7$(139,142, MIN_TOTAL_MILLIS_BY_MONTH_ARRAY)
0.028387;True;clear;org.joda.time.field.FieldUtils%verifyValueBounds#8@5$(214,(214,219), value)
0.028387;True;clear;org.joda.time.field.FieldUtils%verifyValueBounds#8@11$(214,(214,219), upperBound)
0.028364;False;clear;org.joda.time.field.FieldUtils%verifyValueBounds#8@1$(214,(214,214), value)
0.028364;False;clear;org.joda.time.field.FieldUtils%verifyValueBounds#8@6$(214,(214,214), lowerBound)
0.028228;True;clear;org.joda.time.tz.CachedDateTimeZone$Info%getOffset#1@3$(204,(205,208), this)
0.028228;True;clear;org.joda.time.tz.CachedDateTimeZone$Info%getOffset#1@20$(204,(205,208), this.iOffset)
0.028228;True;clear;org.joda.time.tz.CachedDateTimeZone$Info%getOffset#1@21$(204,208, this.iOffset)
0.028217;True;clear;org.joda.time.tz.CachedDateTimeZone%getInfo#2@3$(148,(152,156), period)
0.028217;True;clear;org.joda.time.tz.CachedDateTimeZone%getInfo#2@9$(151,(152,156), info)
0.028217;True;clear;org.joda.time.tz.CachedDateTimeZone%getInfo#2@10$(151,156, info)
0.028217;True;clear;org.joda.time.tz.CachedDateTimeZone%getInfo#2@12$(151,(152,156), info.iPeriodStart)
0.028205;False;clear;org.joda.time.tz.CachedDateTimeZone%getInfo#2@6$(151,(152,152), info)
0.028161;False;clear;org.joda.time.tz.CachedDateTimeZone$Info%getOffset#1@4$(204,208, this)
0.028105;True;clear;org.joda.time.field.PreciseDateTimeField%get#1@1$(79,80, this)
0.028105;True;clear;org.joda.time.field.PreciseDateTimeField%get#1@2$(79,(79,80), instant)
0.028105;True;clear;org.joda.time.field.PreciseDateTimeField%get#1@5$(79,80, instant)
0.028105;True;clear;org.joda.time.field.PreciseDateTimeField%get#1@7$(79,80, this.iRange)
0.027503;True;clear;org.joda.time.chrono.GregorianChronology%isLeapYear#4@1$(197,(197,197), year)
0.026841;False;clear;org.joda.time.chrono.BasicChronology%getYear#7@13$(404,428, year)
0.026841;True;clear;org.joda.time.chrono.BasicChronology%getYear#7@22$(407,(411,428), diff)
0.026822;False;clear;org.joda.time.chrono.BasicChronology%getYear#7@0$(399,406, this)
0.026822;False;clear;org.joda.time.chrono.BasicChronology%getYear#7@3$(399,407, instant)
0.026822;False;clear;org.joda.time.chrono.BasicChronology%getYear#7@6$(399,404, unitMillis)
0.026822;True;clear;org.joda.time.chrono.BasicChronology%getYear#7@9$(400,(401,404), i2)
0.026822;True;clear;org.joda.time.chrono.BasicChronology%getYear#7@10$(400,404, i2)
0.026822;False;clear;org.joda.time.chrono.BasicChronology%getYear#7@20$(407,(409,411), diff)
0.025924;True;clear;org.joda.time.chrono.BasicChronology%getYearInfo#12@5$(738,(739,743), year)
0.025924;False;clear;org.joda.time.chrono.BasicChronology%getYearInfo#12@7$(738,(739,739), info)
0.025924;True;clear;org.joda.time.chrono.BasicChronology%getYearInfo#12@10$(738,(739,743), info)
0.025924;True;clear;org.joda.time.chrono.BasicChronology%getYearInfo#12@11$(738,743, info)
0.025924;True;clear;org.joda.time.chrono.BasicChronology%getYearInfo#12@13$(738,(739,743), info.iYear)
0.021537;False;clear;org.joda.time.chrono.ISOChronology%getInstance#0@1$(96,(96,99), zone)
0.021537;False;clear;org.joda.time.chrono.ISOChronology%getInstance#0@2$(96,99, zone)
0.021487;False;clear;org.joda.time.chrono.ISOChronology%getInstance#0@8$(96,100, cFastCache)
0.020332;True;clear;org.joda.time.chrono.AssembledChronology%getZone#0@0$(107,(107,108), this)
0.020332;True;clear;org.joda.time.chrono.AssembledChronology%getZone#0@2$(107,(107,108), this.iBase)
0.020332;True;clear;org.joda.time.chrono.AssembledChronology%getZone#0@4$(107,108, base)
0.020129;True;clear;org.joda.time.DateTimeUtils%getChronology#8@1$(252,(252,255), chrono)
0.020129;True;clear;org.joda.time.DateTimeUtils%getChronology#8@2$(252,255, chrono)
