FAULT DETECTION ;Uncon;Status;DUAs; Version;30b
0.714286;False;clear;org.apache.commons.cli.OptionGroup%setSelected#0@0$(89,(99,99), this)
0.714286;True;clear;org.apache.commons.cli.OptionGroup%setSelected#0@4$(89,(99,105), this)
0.714286;True;clear;org.apache.commons.cli.OptionGroup%setSelected#0@5$(89,105, this)
0.714286;True;clear;org.apache.commons.cli.OptionGroup%setSelected#0@11$(89,(99,105), option)
0.714286;True;clear;org.apache.commons.cli.OptionGroup%setSelected#0@12$(89,105, option)
0.714286;False;clear;org.apache.commons.cli.OptionGroup%setSelected#0@13$(89,(99,99), this.selected)
0.714286;True;clear;org.apache.commons.cli.OptionGroup%setSelected#0@16$(89,(99,105), this.selected)
0.333333;False;clear;org.apache.commons.cli.DefaultParser%updateRequiredOptions#17@0$(615,(621,623), this)
0.333333;False;clear;org.apache.commons.cli.DefaultParser%updateRequiredOptions#17@2$(615,623, this)
0.333333;False;clear;org.apache.commons.cli.DefaultParser%updateRequiredOptions#17@7$(615,(621,623), option)
0.333333;False;clear;org.apache.commons.cli.DefaultParser%updateRequiredOptions#17@9$(615,623, option)
0.333333;False;clear;org.apache.commons.cli.DefaultParser%updateRequiredOptions#17@10$(615,630, option)
0.333333;False;clear;org.apache.commons.cli.DefaultParser%updateRequiredOptions#17@14$(615,(621,623), this.options)
0.333333;False;clear;org.apache.commons.cli.DefaultParser%updateRequiredOptions#17@16$(615,623, this.options)
0.333333;True;clear;org.apache.commons.cli.DefaultParser%updateRequiredOptions#17@18$(623,(625,630), group)
0.333333;False;clear;org.apache.commons.cli.DefaultParser%updateRequiredOptions#17@19$(623,630, group)
0.217391;True;clear;org.apache.commons.cli.OptionGroup%setSelected#0@1$(89,(99,101), this)
0.217391;False;clear;org.apache.commons.cli.OptionGroup%setSelected#0@2$(89,101, this)
0.217391;False;clear;org.apache.commons.cli.OptionGroup%setSelected#0@8$(89,(89,99), option)
0.217391;False;clear;org.apache.commons.cli.OptionGroup%setSelected#0@9$(89,101, option)
0.217391;True;clear;org.apache.commons.cli.OptionGroup%setSelected#0@14$(89,(99,101), this.selected)
0.210526;True;clear;org.apache.commons.cli.Parser%updateRequiredOptions#5@13$(414,(416,421), group)
0.200000;False;clear;org.apache.commons.cli.Parser%updateRequiredOptions#5@0$(405,(412,414), this)
0.200000;False;clear;org.apache.commons.cli.Parser%updateRequiredOptions#5@2$(405,414, this)
0.200000;False;clear;org.apache.commons.cli.Parser%updateRequiredOptions#5@7$(405,(412,414), opt)
0.200000;False;clear;org.apache.commons.cli.Parser%updateRequiredOptions#5@9$(405,414, opt)
0.200000;False;clear;org.apache.commons.cli.Parser%updateRequiredOptions#5@10$(405,421, opt)
0.200000;False;clear;org.apache.commons.cli.Parser%updateRequiredOptions#5@14$(414,421, group)
0.172414;True;clear;org.apache.commons.cli.Options%addOptionGroup#0@5$(71,(73,78), group)
0.172414;True;clear;org.apache.commons.cli.OptionGroup%setSelected#0@6$(89,92, this)
0.172414;True;clear;org.apache.commons.cli.OptionGroup%setSelected#0@7$(89,(89,92), option)
0.166667;True;clear;org.apache.commons.cli.GnuParser%flatten#0@27$(56,(56,112), i)
0.142857;False;clear;org.apache.commons.cli.Options%addOptionGroup#0@0$(71,91, this)
0.142857;True;clear;org.apache.commons.cli.Options%addOptionGroup#0@1$(71,86, this)
0.142857;True;clear;org.apache.commons.cli.Options%addOptionGroup#0@2$(71,88, this)
0.142857;True;clear;org.apache.commons.cli.Options%addOptionGroup#0@6$(71,88, group)
0.142857;True;clear;org.apache.commons.cli.Options%addOptionGroup#0@9$(71,88, this.optionGroups)
0.142857;True;clear;org.apache.commons.cli.Options%addOptionGroup#0@10$(71,(78,80), options)
0.142857;False;clear;org.apache.commons.cli.Options%addOptionGroup#0@11$(71,(78,91), options)
0.142857;True;clear;org.apache.commons.cli.Options%addOptionGroup#0@12$(71,80, options)
0.118421;True;clear;org.apache.commons.cli.CommandLine%resolveOption#3@5$(197,(197,211), it)
0.114286;True;clear;org.apache.commons.cli.Options%getOption#2@1$(207,(209,214), this)
0.114286;True;clear;org.apache.commons.cli.Options%getOption#2@2$(207,214, this)
0.114286;True;clear;org.apache.commons.cli.Options%getOption#2@5$(207,(209,214), this.shortOpts)
0.114286;True;clear;org.apache.commons.cli.Options%getOption#2@7$(207,214, this.longOpts)
0.114286;True;clear;org.apache.commons.cli.Options%getOption#2@9$(207,(209,214), opt)
0.114286;True;clear;org.apache.commons.cli.Options%getOption#2@10$(207,214, opt)
0.056180;True;clear;org.apache.commons.cli.CommandLine%resolveOption#3@3$(196,(205,210), opt)
0.056180;True;clear;org.apache.commons.cli.CommandLine%resolveOption#3@10$(199,(205,210), option)
0.047619;False;clear;org.apache.commons.cli.GnuParser%flatten#0@7$(52,(56,112), arguments)
0.047619;False;clear;org.apache.commons.cli.GnuParser%flatten#0@13$(52,112, tokens)
0.046296;False;clear;org.apache.commons.cli.CommandLine%resolveOption#3@1$(196,(200,205), opt)
0.046296;False;clear;org.apache.commons.cli.CommandLine%resolveOption#3@8$(199,(200,205), option)
0.041475;True;clear;org.apache.commons.cli.Util%stripLeadingHyphens#0@5$(38,(46,51), str)
0.041475;True;clear;org.apache.commons.cli.Util%stripLeadingHyphens#0@6$(38,51, str)
0.041237;True;clear;org.apache.commons.cli.Parser%processOption#4@11$(381,(387,393), opt)
0.040000;True;clear;org.apache.commons.cli.DefaultParser%handleShortAndLongOption#13@30$(464,(471,473), this)
0.040000;True;clear;org.apache.commons.cli.DefaultParser%handleShortAndLongOption#13@33$(464,473, this)
0.040000;True;clear;org.apache.commons.cli.DefaultParser%handleShortAndLongOption#13@50$(464,(471,473), this.options)
0.040000;True;clear;org.apache.commons.cli.DefaultParser%handleShortAndLongOption#13@52$(464,473, this.options)
0.040000;True;clear;org.apache.commons.cli.DefaultParser%handleShortAndLongOption#13@73$(464,(471,473), t)
0.040000;True;clear;org.apache.commons.cli.DefaultParser%handleShortAndLongOption#13@75$(464,473, t)
0.038462;False;clear;org.apache.commons.cli.DefaultParser%handleShortAndLongOption#13@58$(464,(468,471), t)
0.038462;True;clear;org.apache.commons.cli.DefaultParser%checkRequiredArgs#3@1$(202,(202,206), this)
0.038462;True;clear;org.apache.commons.cli.DefaultParser%checkRequiredArgs#3@6$(202,(202,206), this.currentOption)
0.037313;False;clear;org.apache.commons.cli.CommandLine%resolveOption#3@4$(197,(197,199), it)
0.037313;False;clear;org.apache.commons.cli.CommandLine%resolveOption#3@6$(197,199, it)
0.037190;False;clear;org.apache.commons.cli.Util%stripLeadingHyphens#0@3$(38,(42,46), str)
0.037037;True;clear;org.apache.commons.cli.DefaultParser%handleOption#16@0$(590,604, this)
0.037037;True;clear;org.apache.commons.cli.DefaultParser%handleOption#16@3$(592,(598,604), option)
0.036697;True;clear;org.apache.commons.cli.Option%hasLongOpt#2@1$(247,(247,247), this)
0.036697;True;clear;org.apache.commons.cli.Option%hasLongOpt#2@3$(247,(247,247), this.longOpt)
0.036697;True;clear;org.apache.commons.cli.Options%addOption#1@8$(145,(148,154), opt)
0.036437;False;clear;org.apache.commons.cli.Util%stripLeadingHyphens#0@1$(38,(38,42), str)
0.033333;True;clear;org.apache.commons.cli.Option%hasArg#3@3$(257,(257,257), this)
0.033333;True;clear;org.apache.commons.cli.Option%hasArg#3@7$(257,(257,257), this.numberOfArgs)
0.033333;True;clear;org.apache.commons.cli.GnuParser%flatten#0@0$(52,(73,75), options)
0.033333;True;clear;org.apache.commons.cli.GnuParser%flatten#0@21$(52,75, tokens)
0.033333;True;clear;org.apache.commons.cli.GnuParser%flatten#0@46$(58,75, arg)
0.033333;True;clear;org.apache.commons.cli.GnuParser%flatten#0@49$(71,(73,75), opt)
0.030717;True;clear;org.apache.commons.cli.Option%hasLongOpt#2@0$(247,(247,247), this)
0.030717;True;clear;org.apache.commons.cli.Option%hasLongOpt#2@2$(247,(247,247), this.longOpt)
0.030717;True;clear;org.apache.commons.cli.Options%addOption#1@6$(145,150, this)
0.030717;True;clear;org.apache.commons.cli.Options%addOption#1@7$(145,(148,150), opt)
0.030717;True;clear;org.apache.commons.cli.Options%addOption#1@12$(145,150, opt)
0.030717;True;clear;org.apache.commons.cli.Options%addOption#1@13$(145,150, this.longOpts)
0.029940;False;clear;org.apache.commons.cli.Option%hasArg#3@0$(257,(257,257), this)
0.029940;False;clear;org.apache.commons.cli.Option%hasArg#3@4$(257,(257,257), this.numberOfArgs)
0.029412;True;clear;org.apache.commons.cli.DefaultParser%handleToken#4@6$(216,(243,247), this)
0.029412;True;clear;org.apache.commons.cli.DefaultParser%handleToken#4@40$(216,(243,247), this.currentOption)
0.029412;True;clear;org.apache.commons.cli.GnuParser%flatten#0@25$(54,(103,56), eatTheRest)
0.029412;True;clear;org.apache.commons.cli.GnuParser%flatten#0@29$(56,56, i)
0.029304;True;clear;org.apache.commons.cli.Option%<init>#0@1$(122,132, this)
0.029304;True;clear;org.apache.commons.cli.Option%<init>#0@2$(122,(130,132), hasArg)
0.028986;True;clear;org.apache.commons.cli.PosixParser%processOptionToken#3@14$(228,(228,233), stopAtNonOption)
0.028169;True;clear;org.apache.commons.cli.PosixParser%flatten#0@43$(108,(146,148), token)
0.028090;True;clear;org.apache.commons.cli.Util%stripLeadingHyphens#0@4$(38,(46,48), str)
0.028090;True;clear;org.apache.commons.cli.Util%stripLeadingHyphens#0@7$(38,48, str)
0.027778;True;clear;org.apache.commons.cli.DefaultParser%handleToken#4@10$(216,236, this)
0.027778;False;clear;org.apache.commons.cli.DefaultParser%handleToken#4@23$(216,(234,234), token)
0.027778;True;clear;org.apache.commons.cli.DefaultParser%handleToken#4@26$(216,(234,236), token)
0.027778;True;clear;org.apache.commons.cli.DefaultParser%handleToken#4@28$(216,236, token)
0.027778;True;clear;org.apache.commons.cli.Options%addOption#1@10$(145,(154,163), opt)
0.027778;False;clear;org.apache.commons.cli.PosixParser%flatten#0@4$(98,148, this)
0.027778;False;clear;org.apache.commons.cli.PosixParser%flatten#0@20$(98,148, stopAtNonOption)
0.027778;False;clear;org.apache.commons.cli.PosixParser%flatten#0@44$(108,148, token)
0.027607;True;clear;org.apache.commons.cli.Option%getKey#1@1$(158,(158,163), this)
0.027607;True;clear;org.apache.commons.cli.Option%getKey#1@2$(158,163, this)
0.027607;True;clear;org.apache.commons.cli.Option%getKey#1@5$(158,(158,163), this.opt)
0.027607;True;clear;org.apache.commons.cli.Option%getKey#1@6$(158,163, this.opt)
0.027523;True;clear;org.apache.commons.cli.PosixParser%flatten#0@0$(98,177, this)
0.027523;True;clear;org.apache.commons.cli.PosixParser%flatten#0@24$(98,177, this.tokens)
0.027523;True;clear;org.apache.commons.cli.PosixParser%flatten#0@29$(102,(105,177), iter)
0.027439;False;clear;org.apache.commons.cli.Options%addOption#1@0$(145,163, this)
0.027439;False;clear;org.apache.commons.cli.Options%addOption#1@1$(145,165, this)
0.027439;False;clear;org.apache.commons.cli.Options%addOption#1@11$(145,163, opt)
0.027439;False;clear;org.apache.commons.cli.Options%addOption#1@18$(145,163, this.shortOpts)
0.027439;False;clear;org.apache.commons.cli.Options%addOption#1@19$(145,163, key)
0.027397;True;clear;org.apache.commons.cli.Options%hasOption#4@1$(251,(253,253), this)
0.027397;True;clear;org.apache.commons.cli.Options%hasOption#4@5$(251,(253,253), this.shortOpts)
0.027397;True;clear;org.apache.commons.cli.Options%hasOption#4@9$(251,(253,253), opt)
0.027397;False;clear;org.apache.commons.cli.Parser%processOption#4@0$(372,381, this)
0.027397;False;clear;org.apache.commons.cli.Parser%processOption#4@1$(372,384, this)
0.027397;False;clear;org.apache.commons.cli.Parser%processOption#4@2$(372,393, this)
0.027397;False;clear;org.apache.commons.cli.Parser%processOption#4@4$(372,381, arg)
0.027397;False;clear;org.apache.commons.cli.Parser%processOption#4@7$(372,393, this.cmd)
0.027397;False;clear;org.apache.commons.cli.Parser%processOption#4@9$(372,(375,381), hasOption)
0.027397;False;clear;org.apache.commons.cli.Parser%processOption#4@12$(381,393, opt)
0.027397;True;clear;org.apache.commons.cli.PosixParser%processOptionToken#3@0$(228,(233,235), this)
0.027397;True;clear;org.apache.commons.cli.PosixParser%processOptionToken#3@3$(228,235, this)
0.027397;True;clear;org.apache.commons.cli.PosixParser%processOptionToken#3@7$(228,(233,235), token)
0.027397;True;clear;org.apache.commons.cli.PosixParser%processOptionToken#3@10$(228,235, token)
0.027397;True;clear;org.apache.commons.cli.PosixParser%processOptionToken#3@15$(228,(233,235), this.options)
0.027397;True;clear;org.apache.commons.cli.PosixParser%processOptionToken#3@17$(228,235, this.options)
0.027027;False;clear;org.apache.commons.cli.PosixParser%processOptionToken#3@2$(228,238, this)
0.027027;False;clear;org.apache.commons.cli.PosixParser%processOptionToken#3@9$(228,238, token)
0.027027;False;clear;org.apache.commons.cli.PosixParser%processOptionToken#3@20$(228,238, this.tokens)
0.027027;False;clear;org.apache.commons.cli.GnuParser%flatten#0@6$(52,(56,58), arguments)
0.027027;False;clear;org.apache.commons.cli.GnuParser%flatten#0@8$(52,58, arguments)
0.027027;False;clear;org.apache.commons.cli.GnuParser%flatten#0@26$(56,(56,58), i)
0.027027;False;clear;org.apache.commons.cli.GnuParser%flatten#0@28$(56,58, i)
0.027027;False;clear;org.apache.commons.cli.GnuParser%flatten#0@32$(58,(60,65), arg)
0.027027;False;clear;org.apache.commons.cli.GnuParser%flatten#0@34$(58,(65,69), arg)
0.027027;False;clear;org.apache.commons.cli.GnuParser%flatten#0@35$(58,(69,71), arg)
0.027027;False;clear;org.apache.commons.cli.GnuParser%flatten#0@38$(58,71, arg)
0.027027;False;clear;org.apache.commons.cli.GnuParser%flatten#0@68$(56,(56,112), i)
0.026946;True;clear;org.apache.commons.cli.Option%<init>#0@3$(122,(130,135), hasArg)
0.026706;True;clear;org.apache.commons.cli.OptionValidator%isValidOpt#1@1$(87,(87,87), c)
0.026627;True;clear;org.apache.commons.cli.OptionValidator%validateOption#0@8$(56,(58,62), ch)
0.026549;False;clear;org.apache.commons.cli.OptionValidator%validateOption#0@2$(48,(54,56), opt)
0.026549;False;clear;org.apache.commons.cli.OptionValidator%validateOption#0@6$(48,56, opt)
0.026490;True;clear;org.apache.commons.cli.Parser%updateRequiredOptions#5@6$(405,(405,412), opt)
0.026316;False;clear;org.apache.commons.cli.DefaultParser%handleToken#4@22$(216,(230,234), token)
0.026316;False;clear;org.apache.commons.cli.OptionValidator%validateOption#0@1$(48,(48,54), opt)
0.026163;False;clear;org.apache.commons.cli.Option%<init>#0@0$(122,135, this)
0.026163;False;clear;org.apache.commons.cli.Option%<init>#0@4$(122,135, description)
0.025510;True;clear;org.apache.commons.cli.Options%getOption#2@0$(207,(209,211), this)
0.025510;True;clear;org.apache.commons.cli.Options%getOption#2@3$(207,211, this)
0.025510;True;clear;org.apache.commons.cli.Options%getOption#2@4$(207,(209,211), this.shortOpts)
0.025510;True;clear;org.apache.commons.cli.Options%getOption#2@6$(207,211, this.shortOpts)
0.025510;True;clear;org.apache.commons.cli.Options%getOption#2@8$(207,(209,211), opt)
0.025510;True;clear;org.apache.commons.cli.Options%getOption#2@11$(207,211, opt)
0.023529;False;clear;org.apache.commons.cli.PosixParser%flatten#0@39$(108,(144,146), token)
0.022727;True;clear;org.apache.commons.cli.DefaultParser%updateRequiredOptions#17@6$(615,(615,621), option)
0.022472;False;clear;org.apache.commons.cli.PosixParser%flatten#0@38$(108,(117,144), token)
0.022222;False;clear;org.apache.commons.cli.DefaultParser%handleToken#4@1$(216,(218,222), this)
0.022222;True;clear;org.apache.commons.cli.DefaultParser%handleToken#4@3$(216,(226,230), this)
0.022222;False;clear;org.apache.commons.cli.DefaultParser%handleToken#4@20$(216,(222,226), token)
0.022222;False;clear;org.apache.commons.cli.DefaultParser%handleToken#4@35$(216,(218,222), this.skipParsing)
0.022222;True;clear;org.apache.commons.cli.DefaultParser%handleToken#4@38$(216,(226,230), this.currentOption)
0.020833;True;clear;org.apache.commons.cli.PosixParser%gobble#1@1$(187,(187,194), this)
0.020833;True;clear;org.apache.commons.cli.PosixParser%gobble#1@7$(187,(187,194), this.eatTheRest)
0.020000;False;clear;org.apache.commons.cli.PosixParser%flatten#0@2$(98,174, this)
0.020000;False;clear;org.apache.commons.cli.PosixParser%flatten#0@31$(102,174, iter)
0.019417;False;clear;org.apache.commons.cli.PosixParser%flatten#0@28$(102,(105,108), iter)
0.019417;False;clear;org.apache.commons.cli.PosixParser%flatten#0@30$(102,108, iter)
0.019417;False;clear;org.apache.commons.cli.PosixParser%flatten#0@32$(108,(111,111), token)
0.019417;False;clear;org.apache.commons.cli.PosixParser%flatten#0@36$(108,(111,117), token)
0.016393;True;clear;org.apache.commons.cli.Option%getKey#1@0$(158,(158,160), this)
0.016393;True;clear;org.apache.commons.cli.Option%getKey#1@3$(158,160, this)
0.016393;True;clear;org.apache.commons.cli.Option%getKey#1@4$(158,(158,160), this.opt)
0.016393;True;clear;org.apache.commons.cli.Option%getKey#1@7$(158,160, this.longOpt)
0.016393;True;clear;org.apache.commons.cli.OptionValidator%validateOption#0@0$(48,(48,50), opt)
