OCHIAI   	;Uncon;Status;DUAs; Version;26b
0.087706;True;clear;org.apache.commons.collections4.keyvalue.MultiKey%<init>#0@0$(158,165, this)
0.087706;True;clear;org.apache.commons.collections4.keyvalue.MultiKey%<init>#0@5$(158,165, keys)
0.087706;True;clear;org.apache.commons.collections4.keyvalue.MultiKey%<init>#0@9$(158,(162,165), makeClone)
0.087370;False;clear;org.apache.commons.collections4.keyvalue.MultiKey%<init>#0@1$(158,168, this)
0.087370;False;clear;org.apache.commons.collections4.keyvalue.MultiKey%<init>#0@4$(158,(159,162), keys)
0.087370;False;clear;org.apache.commons.collections4.keyvalue.MultiKey%<init>#0@6$(158,168, keys)
0.087370;False;clear;org.apache.commons.collections4.keyvalue.MultiKey%calculateHashCode#2@0$(262,268, this)
0.087370;False;clear;org.apache.commons.collections4.keyvalue.MultiKey%calculateHashCode#2@2$(262,265, total)
0.087370;False;clear;org.apache.commons.collections4.keyvalue.MultiKey%calculateHashCode#2@3$(263,(264,265), key)
0.087370;False;clear;org.apache.commons.collections4.keyvalue.MultiKey%calculateHashCode#2@5$(263,265, key)
0.087370;False;clear;org.apache.commons.collections4.keyvalue.MultiKey%calculateHashCode#2@6$(265,268, total)
0.087370;True;clear;org.apache.commons.collections4.keyvalue.MultiKey%calculateHashCode#2@7$(265,265, total)
