FAULT DETECTION ;Uncon;Status;DUAs; Version;50b
1.000000;True;clear;org.jsoup.parser.CharacterReader%consumeLetterThenDigitSequence#12@26$(209,(210,215), c)
1.000000;True;clear;org.jsoup.parser.CharacterReader%matchesLetter#20@10$(299,(300,300), c)
0.500000;True;clear;org.jsoup.nodes.Document%title#0@1$(81,(82,82), titleEl)
0.333333;True;clear;org.jsoup.parser.TokeniserState$1%read#0@0$(12,20, this)
0.333333;True;clear;org.jsoup.parser.TokeniserState$1%read#0@4$(12,20, t)
0.333333;True;clear;org.jsoup.parser.TokeniserState$1%read#0@5$(12,21, t)
0.333333;True;clear;org.jsoup.parser.TokeniserState$1%read#0@8$(12,(12,20), r)
0.333333;True;clear;org.jsoup.parser.TokeniserState$1%read#0@12$(12,21, r)
0.333333;True;clear;org.jsoup.parser.CharacterReader%consumeData#9@24$(162,(163,164), c)
0.250000;True;clear;org.jsoup.parser.TokeniserState$8%read#0@0$(142,157, this)
0.250000;True;clear;org.jsoup.parser.TokeniserState$8%read#0@4$(142,157, t)
0.250000;True;clear;org.jsoup.parser.TokeniserState$8%read#0@5$(142,158, t)
0.250000;True;clear;org.jsoup.parser.TokeniserState$8%read#0@6$(142,159, t)
0.250000;True;clear;org.jsoup.parser.TokeniserState$8%read#0@14$(142,(153,157), r)
0.250000;True;clear;org.jsoup.parser.TokeniserState$8%read#0@19$(142,159, Data)
0.250000;True;clear;org.jsoup.helper.DataUtil%parseByteData#1@27$(98,(99,122), meta)
0.200000;True;clear;org.jsoup.parser.CharacterReader%consumeLetterThenDigitSequence#12@11$(207,223, this.pos)
0.200000;False;clear;org.jsoup.parser.CharacterReader%consumeLetterThenDigitSequence#12@12$(207,216, this.pos)
0.200000;True;clear;org.jsoup.helper.DataUtil%parseByteData#1@22$(96,(126,133), docData)
0.200000;True;clear;org.jsoup.helper.DataUtil%parseByteData#1@24$(97,(133,137), doc)
0.200000;True;clear;org.jsoup.helper.DataUtil%parseByteData#1@25$(97,137, doc)
0.166667;False;clear;org.jsoup.helper.DataUtil%parseByteData#1@18$(96,(126,126), docData)
0.142857;True;clear;org.jsoup.select.Elements%first#28@0$(465,(465,465), this)
0.111111;True;clear;org.jsoup.parser.CharacterReader%cacheString#25@25$(356,363, hash)
0.111111;True;clear;org.jsoup.parser.CharacterReader%cacheString#25@29$(358,(358,363), i)
0.111111;False;clear;org.jsoup.nodes.Document%title#0@2$(81,82, titleEl)
0.090909;False;clear;org.jsoup.helper.DataUtil%parseByteData#1@3$(90,96, byteData)
0.090909;False;clear;org.jsoup.helper.DataUtil%parseByteData#1@6$(90,(94,96), charsetName)
0.090909;False;clear;org.jsoup.helper.DataUtil%parseByteData#1@12$(90,97, baseUri)
0.090909;False;clear;org.jsoup.helper.DataUtil%parseByteData#1@14$(90,97, parser)
0.083333;True;clear;org.jsoup.select.QueryParser%combinator#1@59$(93,(108,112), currentEval)
0.083333;True;clear;org.jsoup.select.QueryParser%combinator#1@60$(93,113, currentEval)
0.076923;True;clear;org.jsoup.parser.TokeniserState$2%read#0@2$(36,38, t)
0.076923;True;clear;org.jsoup.parser.TokeniserState$2%read#0@4$(36,(37,38), c)
0.066667;True;clear;org.jsoup.helper.DataUtil%readFileToByteBuffer#3@0$(177,(182,183), randomAccessFile)
0.066667;True;clear;org.jsoup.helper.DataUtil%readFileToByteBuffer#3@2$(177,183, randomAccessFile)
0.062500;True;clear;org.jsoup.parser.Tokeniser%consumeCharacterReference#3@99$(168,(174,176), looksLegit)
0.062500;True;clear;org.jsoup.select.QueryParser%consumeSubQuery#2@4$(128,(132,133), this)
0.062500;True;clear;org.jsoup.select.QueryParser%consumeSubQuery#2@9$(128,133, this)
0.062500;True;clear;org.jsoup.select.QueryParser%consumeSubQuery#2@15$(128,(132,133), this.tq)
0.062500;True;clear;org.jsoup.select.QueryParser%consumeSubQuery#2@20$(128,133, this.tq)
0.062500;True;clear;org.jsoup.select.QueryParser%consumeSubQuery#2@26$(128,133, sq)
0.058824;True;clear;org.jsoup.parser.CharacterReader%consumeData#9@21$(162,(163,168), c)
0.055556;True;clear;org.jsoup.parser.HtmlTreeBuilderState$3%process#0@9$(66,(73,75), t)
0.055556;True;clear;org.jsoup.parser.HtmlTreeBuilderState$3%process#0@11$(66,(75,79), t)
0.055556;True;clear;org.jsoup.parser.Tokeniser%consumeCharacterReference#3@97$(167,(170,170), nameRef)
0.055556;False;clear;org.jsoup.select.CombiningEvaluator$Or%matches#1@1$(91,(91,96), this)
0.055556;False;clear;org.jsoup.select.CombiningEvaluator$Or%matches#1@8$(91,(91,96), this.num)
0.055556;True;clear;org.jsoup.select.CombiningEvaluator$Or%matches#1@17$(91,(91,96), i)
0.055556;True;clear;org.jsoup.select.CombiningEvaluator$Or%matches#1@19$(91,91, i)
0.055556;True;clear;org.jsoup.parser.HtmlTreeBuilderState$2%process#0@11$(37,(44,47), t)
0.052632;False;clear;org.jsoup.select.CombiningEvaluator$Or%matches#1@0$(91,(91,92), this)
0.052632;False;clear;org.jsoup.select.CombiningEvaluator$Or%matches#1@2$(91,92, this)
0.052632;False;clear;org.jsoup.select.CombiningEvaluator$Or%matches#1@4$(91,(93,91), root)
0.052632;False;clear;org.jsoup.select.CombiningEvaluator$Or%matches#1@6$(91,(93,91), node)
0.052632;False;clear;org.jsoup.select.CombiningEvaluator$Or%matches#1@7$(91,(91,92), this.num)
0.052632;False;clear;org.jsoup.select.CombiningEvaluator$Or%matches#1@9$(91,92, this.evaluators)
0.052632;False;clear;org.jsoup.select.CombiningEvaluator$Or%matches#1@10$(91,(91,92), i)
0.052632;False;clear;org.jsoup.select.CombiningEvaluator$Or%matches#1@12$(91,92, i)
0.052632;False;clear;org.jsoup.select.CombiningEvaluator$Or%matches#1@13$(91,91, i)
0.052632;False;clear;org.jsoup.select.CombiningEvaluator$Or%matches#1@15$(92,(93,91), s)
0.052632;False;clear;org.jsoup.select.CombiningEvaluator$Or%matches#1@16$(91,(91,92), i)
0.052632;False;clear;org.jsoup.select.CombiningEvaluator$Or%matches#1@18$(91,92, i)
0.050000;False;clear;org.jsoup.parser.Tokeniser%consumeCharacterReference#3@20$(127,173, this)
0.050000;False;clear;org.jsoup.parser.Tokeniser%consumeCharacterReference#3@56$(127,173, this.reader)
0.050000;False;clear;org.jsoup.parser.Tokeniser%consumeCharacterReference#3@102$(170,(172,173), found)
0.047619;False;clear;org.jsoup.select.QueryParser%combinator#1@14$(76,(104,106), combinator)
0.047619;False;clear;org.jsoup.select.QueryParser%combinator#1@15$(76,(106,108), combinator)
0.047619;False;clear;org.jsoup.select.QueryParser%combinator#1@27$(81,114, newEval)
0.047619;False;clear;org.jsoup.select.QueryParser%combinator#1@77$(112,116, or)
0.047619;True;clear;org.jsoup.select.QueryParser%combinator#1@78$(116,123, currentEval)
0.045455;True;clear;org.jsoup.parser.CharacterReader%rangeEquals#26@3$(384,(384,394), count)
0.045455;True;clear;org.jsoup.parser.CharacterReader%rangeEquals#26@6$(384,(384,394), cached)
0.045455;False;clear;org.jsoup.select.QueryParser%combinator#1@12$(76,(102,104), combinator)
0.043478;False;clear;org.jsoup.parser.Tokeniser%consumeCharacterReference#3@92$(167,(170,170), nameRef)
0.043478;False;clear;org.jsoup.select.QueryParser%combinator#1@1$(76,(84,93), this)
0.043478;False;clear;org.jsoup.select.QueryParser%combinator#1@2$(76,93, this)
0.043478;False;clear;org.jsoup.select.QueryParser%combinator#1@21$(76,(84,93), this.evals)
0.043478;False;clear;org.jsoup.select.QueryParser%combinator#1@22$(76,93, this.evals)
0.041667;True;clear;org.jsoup.parser.CharacterReader%cacheString#25@1$(348,(370,373), this)
0.041667;True;clear;org.jsoup.parser.CharacterReader%cacheString#25@4$(348,(370,373), start)
0.041667;True;clear;org.jsoup.parser.CharacterReader%cacheString#25@5$(348,373, start)
0.041667;True;clear;org.jsoup.parser.CharacterReader%cacheString#25@13$(348,(370,373), count)
0.041667;True;clear;org.jsoup.parser.CharacterReader%cacheString#25@14$(348,373, count)
0.041667;True;clear;org.jsoup.parser.CharacterReader%cacheString#25@17$(348,373, val)
0.041667;True;clear;org.jsoup.parser.CharacterReader%cacheString#25@23$(349,374, cache)
0.041667;True;clear;org.jsoup.parser.CharacterReader%cacheString#25@37$(363,374, index)
0.041667;True;clear;org.jsoup.parser.CharacterReader%cacheString#25@42$(364,(370,373), cached)
0.041667;True;clear;org.jsoup.parser.CharacterReader%cacheString#25@45$(373,377, cached)
0.040000;True;clear;org.jsoup.parser.CharacterReader%matches#15@3$(251,(251,251), this)
0.040000;True;clear;org.jsoup.parser.CharacterReader%matches#15@5$(251,(251,251), c)
0.040000;True;clear;org.jsoup.parser.CharacterReader%matches#15@7$(251,(251,251), this.input)
0.040000;True;clear;org.jsoup.parser.CharacterReader%matches#15@9$(251,(251,251), this.pos)
0.038462;True;clear;org.jsoup.parser.Tokeniser%error#7@1$(231,(231,233), this)
0.038462;True;clear;org.jsoup.parser.Tokeniser%error#7@7$(231,(231,233), this.errors)
0.038462;True;clear;org.jsoup.parser.TokeniserState$1%read#0@3$(12,14, t)
0.038462;True;clear;org.jsoup.parser.TokeniserState$1%read#0@9$(12,(12,14), r)
0.038462;True;clear;org.jsoup.parser.TokeniserState$1%read#0@14$(12,14, CharacterReferenceInData)
0.038462;False;clear;org.jsoup.parser.TokeniserState$2%read#0@1$(36,41, t)
0.038462;False;clear;org.jsoup.parser.TokeniserState$2%read#0@3$(36,41, Data)
0.037037;True;clear;org.jsoup.parser.Parser%parseInput#0@1$(29,(29,29), this)
0.037037;True;clear;org.jsoup.parser.Parser%isTrackErrors#1@1$(57,(57,57), this)
0.037037;True;clear;org.jsoup.parser.Parser%isTrackErrors#1@3$(57,(57,57), this.maxErrors)
0.037037;True;clear;org.jsoup.select.QueryParser%byAttribute#5@7$(224,233, this)
0.037037;True;clear;org.jsoup.select.QueryParser%byAttribute#5@15$(224,233, this.evals)
0.037037;True;clear;org.jsoup.select.QueryParser%byAttribute#5@46$(225,(230,233), key)
0.037037;True;clear;org.jsoup.select.QueryParser%byAttribute#5@47$(225,233, key)
0.035714;True;clear;org.jsoup.parser.TokenQueue%matchesWhitespace#6@1$(132,(132,132), this)
0.035714;True;clear;org.jsoup.parser.TokenQueue%consumeToAny#12@1$(223,(224,228), this)
0.035714;False;clear;org.jsoup.select.QueryParser%combinator#1@10$(76,(100,102), combinator)
0.035714;False;clear;org.jsoup.select.QueryParser%byAttribute#5@18$(224,(229,230), cq)
0.034483;True;clear;org.jsoup.parser.Tokeniser%emit#2@3$(89,(93,96), this)
0.034483;True;clear;org.jsoup.parser.Tokeniser%emit#2@13$(89,(93,96), this.charsBuilder)
0.034483;True;clear;org.jsoup.parser.HtmlTreeBuilderState$4%process#0@5$(94,154, this)
0.034483;True;clear;org.jsoup.parser.HtmlTreeBuilderState$4%process#0@8$(94,(98,154), t)
0.034483;True;clear;org.jsoup.parser.HtmlTreeBuilderState$4%process#0@19$(94,154, t)
0.034483;True;clear;org.jsoup.parser.HtmlTreeBuilderState$4%process#0@41$(94,154, tb)
0.034483;True;clear;org.jsoup.parser.HtmlTreeBuilderState$4%process#0@43$(94,(98,154), $SwitchMap$org$jsoup$parser$Token$TokenType)
0.034483;True;clear;org.jsoup.parser.HtmlTreeBuilderState$4%process#0@48$(94,(98,154), t.type)
0.034483;False;clear;org.jsoup.parser.Parser%parseInput#0@2$(29,29, this)
0.034483;False;clear;org.jsoup.parser.Parser%parseInput#0@3$(29,30, this)
0.034483;False;clear;org.jsoup.parser.Parser%parseInput#0@4$(29,30, html)
0.034483;False;clear;org.jsoup.parser.Parser%parseInput#0@5$(29,30, baseUri)
0.034483;False;clear;org.jsoup.parser.Parser%parseInput#0@6$(29,30, this.treeBuilder)
0.034483;True;clear;org.jsoup.parser.HtmlTreeBuilderState$6%process#0@0$(195,233, this)
0.034483;True;clear;org.jsoup.parser.HtmlTreeBuilderState$6%process#0@16$(195,(225,233), t)
0.034483;True;clear;org.jsoup.parser.HtmlTreeBuilderState$6%process#0@17$(195,233, t)
0.034483;True;clear;org.jsoup.parser.HtmlTreeBuilderState$6%process#0@27$(195,233, tb)
0.033333;True;clear;org.jsoup.select.QueryParser%byAttribute#5@6$(224,236, this)
0.033333;True;clear;org.jsoup.select.QueryParser%byAttribute#5@14$(224,236, this.evals)
0.033333;True;clear;org.jsoup.select.QueryParser%byAttribute#5@20$(224,(235,236), cq)
0.033333;True;clear;org.jsoup.select.QueryParser%byAttribute#5@38$(224,236, cq)
0.033333;True;clear;org.jsoup.select.QueryParser%byAttribute#5@44$(225,236, key)
0.033333;False;clear;org.jsoup.parser.HtmlTreeBuilderState$6%process#0@14$(195,(201,225), t)
0.032258;True;clear;org.jsoup.select.Evaluator$AttributeKeyPair%<init>#0@4$(278,(283,287), value)
0.032258;False;clear;org.jsoup.select.Evaluator$AttributeKeyPair%<init>#0@5$(278,287, value)
0.031250;True;clear;org.jsoup.parser.Tokeniser%consumeCharacterReference#3@33$(127,(129,131), additionalAllowedCharacter)
0.031250;True;clear;org.jsoup.parser.CharacterReader%consumeLetterThenDigitSequence#12@39$(216,(217,223), c)
0.031250;False;clear;org.jsoup.select.Evaluator$AttributeKeyPair%<init>#0@0$(278,287, this)
0.031250;True;clear;org.jsoup.select.Evaluator$AttributeKeyPair%<init>#0@2$(278,(283,283), value)
0.030303;False;clear;org.jsoup.parser.Tokeniser%consumeCharacterReference#3@7$(127,(136,167), this)
0.030303;False;clear;org.jsoup.parser.Tokeniser%consumeCharacterReference#3@8$(127,167, this)
0.030303;False;clear;org.jsoup.parser.Tokeniser%consumeCharacterReference#3@9$(127,168, this)
0.030303;False;clear;org.jsoup.parser.Tokeniser%consumeCharacterReference#3@44$(127,(136,167), this.reader)
0.030303;False;clear;org.jsoup.parser.Tokeniser%consumeCharacterReference#3@45$(127,167, this.reader)
0.030303;False;clear;org.jsoup.parser.Tokeniser%consumeCharacterReference#3@46$(127,168, this.reader)
0.030303;False;clear;org.jsoup.parser.CharacterReader%consumeLetterThenDigitSequence#12@21$(209,(210,210), c)
0.030303;False;clear;org.jsoup.parser.CharacterReader%consumeLetterThenDigitSequence#12@23$(209,(210,210), c)
0.030303;True;clear;org.jsoup.parser.CharacterReader%consumeLetterThenDigitSequence#12@27$(209,(210,210), c)
0.030303;False;clear;org.jsoup.parser.CharacterReader%consumeLetterThenDigitSequence#12@36$(216,(217,217), c)
0.029412;False;clear;org.jsoup.parser.Tokeniser%consumeCharacterReference#3@3$(127,(131,134), this)
0.029412;False;clear;org.jsoup.parser.Tokeniser%consumeCharacterReference#3@4$(127,134, this)
0.029412;False;clear;org.jsoup.parser.Tokeniser%consumeCharacterReference#3@5$(127,135, this)
0.029412;False;clear;org.jsoup.parser.Tokeniser%consumeCharacterReference#3@41$(127,(131,134), this.reader)
0.029412;False;clear;org.jsoup.parser.Tokeniser%consumeCharacterReference#3@42$(127,135, this.reader)
0.029412;False;clear;org.jsoup.parser.Tokeniser%consumeCharacterReference#3@65$(127,(131,134), notCharRefCharsSorted)
0.029412;False;clear;org.jsoup.parser.Tokeniser%consumeCharacterReference#3@66$(127,134, this.charRefHolder)
0.029412;False;clear;org.jsoup.parser.CharacterReader%consumeLetterThenDigitSequence#12@0$(207,(208,209), this)
0.029412;False;clear;org.jsoup.parser.CharacterReader%consumeLetterThenDigitSequence#12@2$(207,(215,216), this)
0.029412;False;clear;org.jsoup.parser.CharacterReader%consumeLetterThenDigitSequence#12@4$(207,223, this)
0.029412;False;clear;org.jsoup.parser.CharacterReader%consumeLetterThenDigitSequence#12@5$(207,216, this)
0.029412;False;clear;org.jsoup.parser.CharacterReader%consumeLetterThenDigitSequence#12@7$(207,209, this)
0.029412;False;clear;org.jsoup.parser.CharacterReader%consumeLetterThenDigitSequence#12@9$(207,(208,209), this.pos)
0.029412;False;clear;org.jsoup.parser.CharacterReader%consumeLetterThenDigitSequence#12@14$(207,209, this.pos)
0.029412;False;clear;org.jsoup.parser.CharacterReader%consumeLetterThenDigitSequence#12@16$(207,(208,209), this.length)
0.029412;False;clear;org.jsoup.parser.CharacterReader%consumeLetterThenDigitSequence#12@18$(207,216, this.input)
0.029412;False;clear;org.jsoup.parser.CharacterReader%consumeLetterThenDigitSequence#12@19$(207,209, this.input)
0.029412;False;clear;org.jsoup.parser.CharacterReader%consumeLetterThenDigitSequence#12@20$(207,223, start)
0.029412;True;clear;org.jsoup.parser.CharacterReader%matchesAnySorted#19@3$(293,(293,293), this)
0.029412;True;clear;org.jsoup.parser.CharacterReader%matchesAnySorted#19@5$(293,(293,293), seq)
0.029412;True;clear;org.jsoup.parser.CharacterReader%matchesAnySorted#19@7$(293,(293,293), this.input)
0.029412;True;clear;org.jsoup.parser.CharacterReader%matchesAnySorted#19@9$(293,(293,293), this.pos)
0.029412;True;clear;org.jsoup.parser.TokenQueue%consumeToAny#12@4$(223,(224,228), this)
0.029412;True;clear;org.jsoup.parser.TokenQueue%consumeToAny#12@7$(223,(224,228), seq)
0.029412;False;clear;org.jsoup.select.QueryParser%byAttribute#5@19$(224,(229,235), cq)
0.028571;False;clear;org.jsoup.parser.Tokeniser%consumeCharacterReference#3@1$(127,(127,129), this)
0.028571;False;clear;org.jsoup.parser.Tokeniser%consumeCharacterReference#3@39$(127,(127,129), this.reader)
0.028571;False;clear;org.jsoup.parser.CharacterReader%matchesAnySorted#19@0$(293,(293,293), this)
0.026316;True;clear;org.jsoup.select.QueryParser%parse#0@10$(47,(60,61), this)
0.026316;True;clear;org.jsoup.select.QueryParser%parse#0@14$(47,61, this)
0.026316;True;clear;org.jsoup.select.QueryParser%parse#0@22$(47,(60,61), this.tq)
0.026316;True;clear;org.jsoup.select.QueryParser%parse#0@24$(47,61, this.tq)
0.026316;True;clear;org.jsoup.select.QueryParser%parse#0@28$(47,(60,61), combinators)
0.025641;False;clear;org.jsoup.parser.Tokeniser%emit#2@1$(89,(89,93), this)
0.025641;True;clear;org.jsoup.parser.Tokeniser%emit#2@2$(89,(93,94), this)
0.025641;False;clear;org.jsoup.parser.Tokeniser%emit#2@4$(89,96, this)
0.025641;True;clear;org.jsoup.parser.Tokeniser%emit#2@5$(89,94, this)
0.025641;False;clear;org.jsoup.parser.Tokeniser%emit#2@7$(89,96, str)
0.025641;False;clear;org.jsoup.parser.Tokeniser%emit#2@10$(89,(89,93), this.charsString)
0.025641;True;clear;org.jsoup.parser.Tokeniser%emit#2@11$(89,94, this.charsString)
0.025641;True;clear;org.jsoup.parser.Tokeniser%emit#2@12$(89,(93,94), this.charsBuilder)
0.025641;False;clear;org.jsoup.parser.Tokeniser%emit#2@14$(89,96, this.charsBuilder)
0.025641;True;clear;org.jsoup.parser.Tokeniser%emit#2@15$(89,94, this.charsBuilder)
0.025641;True;clear;org.jsoup.parser.Tokeniser%read#0@4$(44,(53,54), this)
0.025641;True;clear;org.jsoup.parser.Tokeniser%read#0@12$(44,54, this)
0.025641;True;clear;org.jsoup.parser.Tokeniser%read#0@13$(44,55, this)
0.025641;True;clear;org.jsoup.parser.Tokeniser%read#0@14$(44,56, this)
0.025641;True;clear;org.jsoup.parser.Tokeniser%read#0@15$(44,57, this)
0.025641;True;clear;org.jsoup.parser.Tokeniser%read#0@25$(44,(53,54), this.charsBuilder)
0.025641;True;clear;org.jsoup.parser.Tokeniser%read#0@27$(44,54, this.charsBuilder)
0.025641;True;clear;org.jsoup.parser.Tokeniser%read#0@28$(44,55, this.charsBuilder)
0.025641;True;clear;org.jsoup.parser.Tokeniser%read#0@33$(44,57, this.charPending)
0.024390;False;clear;org.jsoup.parser.TokenQueue%consumeToAny#12@0$(223,(224,224), this)
0.024390;False;clear;org.jsoup.parser.TokenQueue%consumeToAny#12@2$(223,228, this)
0.024390;False;clear;org.jsoup.parser.TokenQueue%consumeToAny#12@3$(223,(224,225), this)
0.024390;False;clear;org.jsoup.parser.TokenQueue%consumeToAny#12@5$(223,225, this)
0.024390;False;clear;org.jsoup.parser.TokenQueue%consumeToAny#12@6$(223,(224,225), seq)
0.024390;False;clear;org.jsoup.parser.TokenQueue%consumeToAny#12@9$(223,225, this.pos)
0.024390;False;clear;org.jsoup.parser.TokenQueue%consumeToAny#12@10$(223,228, this.queue)
0.024390;False;clear;org.jsoup.parser.TokenQueue%consumeToAny#12@11$(223,228, start)
0.024390;False;clear;org.jsoup.parser.TokenQueue%consumeToAny#12@12$(225,228, this.pos)
0.024390;True;clear;org.jsoup.parser.TokenQueue%consumeToAny#12@13$(225,225, this.pos)
0.024390;True;clear;org.jsoup.select.QueryParser%findElements#3@6$(143,(149,150), this)
0.024390;True;clear;org.jsoup.select.QueryParser%findElements#3@76$(143,150, this)
0.024390;True;clear;org.jsoup.select.QueryParser%findElements#3@86$(143,(149,150), this.tq)
0.023810;True;clear;org.jsoup.parser.CharacterReader%matchConsume#22@1$(311,(311,315), this)
0.023810;True;clear;org.jsoup.parser.CharacterReader%matchConsume#22@4$(311,(311,315), seq)
0.023256;False;clear;org.jsoup.parser.CharacterReader%matches#16@2$(256,(261,262), this)
0.023256;False;clear;org.jsoup.parser.CharacterReader%matches#16@4$(256,(261,262), seq)
0.023256;False;clear;org.jsoup.parser.CharacterReader%matches#16@10$(256,(261,262), this.pos)
0.023256;False;clear;org.jsoup.parser.CharacterReader%matches#16@12$(256,(261,262), this.input)
0.023256;True;clear;org.jsoup.parser.CharacterReader%matches#16@20$(260,(261,262), offset)
0.021739;False;clear;org.jsoup.parser.CharacterReader%consumeData#9@1$(157,(161,168), this)
0.021739;False;clear;org.jsoup.parser.CharacterReader%consumeData#9@18$(158,(161,168), remaining)
0.021739;True;clear;org.jsoup.parser.CharacterReader%consumeData#9@27$(165,(161,168), this.pos)
0.018182;False;clear;org.jsoup.select.QueryParser%combinator#1@8$(76,(98,100), combinator)
0.016949;True;clear;org.jsoup.parser.TokenQueue%matchesAny#2@0$(89,(90,91), this)
0.016949;True;clear;org.jsoup.parser.TokenQueue%matchesAny#2@9$(89,(90,91), s)
0.015873;True;clear;org.jsoup.parser.TokenQueue%matchesWhitespace#6@2$(132,(132,132), this)
0.015873;True;clear;org.jsoup.parser.TokenQueue%matchesWhitespace#6@4$(132,(132,132), this.queue)
0.015873;True;clear;org.jsoup.parser.TokenQueue%matchesWhitespace#6@6$(132,(132,132), this.pos)
0.015873;False;clear;org.jsoup.parser.TokenQueue%consumeWhitespace#15@0$(311,(312,313), this)
0.015873;False;clear;org.jsoup.parser.TokenQueue%consumeWhitespace#15@2$(311,313, this)
0.015873;False;clear;org.jsoup.parser.TokenQueue%consumeWhitespace#15@3$(311,313, this.pos)
0.015873;False;clear;org.jsoup.parser.TokenQueue%consumeWhitespace#15@6$(314,316, seen)
0.015625;False;clear;org.jsoup.select.QueryParser%consumeSubQuery#2@5$(128,(132,134), this)
0.015625;True;clear;org.jsoup.select.QueryParser%consumeSubQuery#2@7$(128,(134,137), this)
0.015625;True;clear;org.jsoup.select.QueryParser%consumeSubQuery#2@8$(128,137, this)
0.015625;False;clear;org.jsoup.select.QueryParser%consumeSubQuery#2@16$(128,(132,134), this.tq)
0.015625;True;clear;org.jsoup.select.QueryParser%consumeSubQuery#2@18$(128,(134,137), this.tq)
0.015625;True;clear;org.jsoup.select.QueryParser%consumeSubQuery#2@19$(128,137, this.tq)
0.015625;True;clear;org.jsoup.select.QueryParser%consumeSubQuery#2@23$(128,(134,137), combinators)
0.015625;True;clear;org.jsoup.select.QueryParser%consumeSubQuery#2@25$(128,137, sq)
0.015385;False;clear;org.jsoup.select.QueryParser%combinator#1@3$(76,95, this)
0.015385;False;clear;org.jsoup.select.QueryParser%combinator#1@4$(76,124, this)
0.015385;False;clear;org.jsoup.select.QueryParser%combinator#1@23$(76,95, this.evals)
0.015385;False;clear;org.jsoup.select.QueryParser%combinator#1@24$(76,124, this.evals)
0.015385;True;clear;org.jsoup.select.QueryParser%combinator#1@34$(82,(121,123), replaceRightMost)
0.015385;False;clear;org.jsoup.select.QueryParser%combinator#1@80$(123,124, rootEval)
0.015385;False;clear;org.jsoup.select.QueryParser%consumeSubQuery#2@0$(128,(129,130), this)
0.015385;True;clear;org.jsoup.select.QueryParser%consumeSubQuery#2@1$(128,(129,139), this)
0.015385;False;clear;org.jsoup.select.QueryParser%consumeSubQuery#2@3$(128,(130,132), this)
0.015385;False;clear;org.jsoup.select.QueryParser%consumeSubQuery#2@11$(128,(129,130), this.tq)
0.015385;True;clear;org.jsoup.select.QueryParser%consumeSubQuery#2@12$(128,(129,139), this.tq)
0.015385;False;clear;org.jsoup.select.QueryParser%consumeSubQuery#2@14$(128,(130,132), this.tq)
0.015385;False;clear;org.jsoup.select.QueryParser%consumeSubQuery#2@24$(128,139, sq)
0.015385;True;clear;org.jsoup.select.QueryParser%parse#0@6$(47,(69,72), this)
0.015385;True;clear;org.jsoup.select.QueryParser%parse#0@7$(47,72, this)
0.015385;True;clear;org.jsoup.select.QueryParser%parse#0@31$(47,(69,72), this.evals)
0.015385;True;clear;org.jsoup.select.QueryParser%parse#0@32$(47,72, this.evals)
0.014925;True;clear;org.jsoup.parser.CharacterReader%matchesLetter#20@6$(299,(300,300), c)
0.014925;True;clear;org.jsoup.parser.CharacterReader%matchesLetter#20@8$(299,(300,300), c)
0.014286;True;clear;org.jsoup.select.QueryParser%parse#0@12$(47,65, this)
0.014286;True;clear;org.jsoup.select.QueryParser%parse#0@36$(58,(62,65), seenWhite)
0.013889;False;clear;org.jsoup.parser.TokenQueue%chompBalanced#13@8$(261,(275,276), close)
0.013889;False;clear;org.jsoup.parser.TokenQueue%chompBalanced#13@33$(268,(275,276), c)
0.013889;True;clear;org.jsoup.parser.TokenQueue%chompBalanced#13@40$(271,276, depth)
0.013889;True;clear;org.jsoup.parser.TokenQueue%chompBalanced#13@46$(276,(279,281), depth)
0.013889;True;clear;org.jsoup.parser.TokenQueue%chompBalanced#13@47$(276,(282,283), depth)
0.013699;False;clear;org.jsoup.parser.CharacterReader%matches#15@0$(251,(251,251), this)
0.013514;False;clear;org.jsoup.parser.TokenQueue%chompBalanced#13@1$(261,(267,268), this)
0.013514;False;clear;org.jsoup.parser.TokenQueue%chompBalanced#13@2$(261,268, this)
0.013514;False;clear;org.jsoup.parser.TokenQueue%chompBalanced#13@3$(261,283, this)
0.013514;False;clear;org.jsoup.parser.TokenQueue%chompBalanced#13@4$(261,280, this)
0.013514;False;clear;org.jsoup.parser.TokenQueue%chompBalanced#13@5$(261,273, this)
0.013514;False;clear;org.jsoup.parser.TokenQueue%chompBalanced#13@6$(261,(270,271), open)
0.013514;False;clear;org.jsoup.parser.TokenQueue%chompBalanced#13@7$(261,(270,275), open)
0.013514;True;clear;org.jsoup.parser.TokenQueue%chompBalanced#13@9$(261,(275,279), close)
0.013514;False;clear;org.jsoup.parser.TokenQueue%chompBalanced#13@10$(261,280, this.pos)
0.013514;False;clear;org.jsoup.parser.TokenQueue%chompBalanced#13@11$(261,273, this.pos)
0.013514;False;clear;org.jsoup.parser.TokenQueue%chompBalanced#13@12$(261,283, this.queue)
0.013514;False;clear;org.jsoup.parser.TokenQueue%chompBalanced#13@14$(261,(272,273), start)
0.013514;True;clear;org.jsoup.parser.TokenQueue%chompBalanced#13@24$(263,271, depth)
0.013514;True;clear;org.jsoup.parser.TokenQueue%chompBalanced#13@26$(264,(269,270), last)
0.013514;True;clear;org.jsoup.parser.TokenQueue%chompBalanced#13@28$(264,(279,281), last)
0.013514;False;clear;org.jsoup.parser.TokenQueue%chompBalanced#13@31$(268,(270,271), c)
0.013514;False;clear;org.jsoup.parser.TokenQueue%chompBalanced#13@32$(268,(270,275), c)
0.013514;True;clear;org.jsoup.parser.TokenQueue%chompBalanced#13@34$(268,(275,279), c)
0.013514;False;clear;org.jsoup.parser.TokenQueue%chompBalanced#13@35$(268,281, c)
0.013514;True;clear;org.jsoup.parser.TokenQueue%chompBalanced#13@36$(271,(279,279), depth)
0.013514;False;clear;org.jsoup.parser.TokenQueue%chompBalanced#13@39$(271,(282,267), depth)
0.013514;False;clear;org.jsoup.parser.TokenQueue%chompBalanced#13@44$(273,283, start)
0.013514;True;clear;org.jsoup.parser.TokenQueue%chompBalanced#13@51$(280,(283,283), end)
0.013514;False;clear;org.jsoup.parser.TokenQueue%chompBalanced#13@53$(280,283, end)
0.013514;False;clear;org.jsoup.parser.TokenQueue%chompBalanced#13@54$(281,(269,269), last)
0.013514;True;clear;org.jsoup.parser.TokenQueue%chompBalanced#13@56$(281,(279,280), last)
0.013514;True;clear;org.jsoup.parser.TokenQueue%chompBalanced#13@58$(281,(269,270), last)
0.013333;False;clear;org.jsoup.parser.CharacterReader%matches#16@1$(256,(257,260), this)
0.013333;False;clear;org.jsoup.parser.CharacterReader%matches#16@7$(256,(257,260), this.length)
0.013333;False;clear;org.jsoup.parser.CharacterReader%matches#16@9$(256,(257,260), this.pos)
0.013333;False;clear;org.jsoup.parser.CharacterReader%matches#16@15$(256,(257,260), scanLength)
0.013333;False;clear;org.jsoup.parser.CharacterReader%matches#16@16$(256,(260,261), scanLength)
0.013333;False;clear;org.jsoup.parser.CharacterReader%matches#16@18$(260,(260,261), offset)
0.012346;False;clear;org.jsoup.select.QueryParser%parse#0@11$(47,(60,62), this)
0.012346;False;clear;org.jsoup.select.QueryParser%parse#0@23$(47,(60,62), this.tq)
0.012346;False;clear;org.jsoup.select.QueryParser%parse#0@29$(47,(60,62), combinators)
0.012048;False;clear;org.jsoup.select.QueryParser%findElements#3@5$(143,(147,149), this)
0.012048;False;clear;org.jsoup.select.QueryParser%findElements#3@85$(143,(147,149), this.tq)
0.011905;True;clear;org.jsoup.parser.TokenQueue%consumeElementSelector#18@7$(349,(350,353), this)
0.011765;False;clear;org.jsoup.parser.TokenQueue%consumeElementSelector#18@3$(349,(350,350), this)
0.011364;True;clear;org.jsoup.parser.CharacterReader%cacheString#25@7$(348,353, start)
0.011364;True;clear;org.jsoup.parser.CharacterReader%cacheString#25@8$(348,(352,353), count)
0.011364;True;clear;org.jsoup.parser.CharacterReader%cacheString#25@16$(348,353, count)
0.011364;True;clear;org.jsoup.parser.CharacterReader%cacheString#25@20$(348,353, val)
0.011236;False;clear;org.jsoup.select.CombiningEvaluator$And%matches#0@0$(52,(52,53), this)
0.011236;False;clear;org.jsoup.select.CombiningEvaluator$And%matches#0@2$(52,53, this)
0.011236;True;clear;org.jsoup.select.CombiningEvaluator$And%matches#0@3$(52,(54,55), root)
0.011236;True;clear;org.jsoup.select.CombiningEvaluator$And%matches#0@5$(52,(54,55), node)
0.011236;False;clear;org.jsoup.select.CombiningEvaluator$And%matches#0@7$(52,(52,53), this.num)
0.011236;False;clear;org.jsoup.select.CombiningEvaluator$And%matches#0@9$(52,53, this.evaluators)
0.011236;False;clear;org.jsoup.select.CombiningEvaluator$And%matches#0@10$(52,(52,53), i)
0.011236;False;clear;org.jsoup.select.CombiningEvaluator$And%matches#0@12$(52,53, i)
0.011236;True;clear;org.jsoup.select.CombiningEvaluator$And%matches#0@14$(53,(54,55), s)
0.011111;True;clear;org.jsoup.parser.TokenQueue%matchChomp#5@0$(119,(119,120), this)
0.011111;True;clear;org.jsoup.parser.TokenQueue%matchChomp#5@2$(119,120, this)
0.011111;True;clear;org.jsoup.parser.TokenQueue%matchChomp#5@3$(119,(119,120), seq)
0.011111;True;clear;org.jsoup.parser.TokenQueue%matchChomp#5@5$(119,120, seq)
0.011111;True;clear;org.jsoup.parser.TokenQueue%matchChomp#5@6$(119,120, this.pos)
0.010753;False;clear;org.jsoup.parser.TokenQueue%matchesAny#3@11$(100,(100,104), len$)
0.010753;True;clear;org.jsoup.parser.TokenQueue%matchesAny#3@19$(100,(100,104), i$)
0.010638;True;clear;org.jsoup.parser.TokenQueue%matchesAny#3@21$(100,100, i$)
0.010526;False;clear;org.jsoup.parser.TokenQueue%matchesAny#3@1$(97,(97,100), this)
0.010526;False;clear;org.jsoup.parser.TokenQueue%matchesAny#3@3$(97,(101,100), this)
0.010526;False;clear;org.jsoup.parser.TokenQueue%matchesAny#3@4$(97,100, seq)
0.010526;False;clear;org.jsoup.parser.TokenQueue%matchesAny#3@6$(97,(101,100), this.queue)
0.010526;False;clear;org.jsoup.parser.TokenQueue%matchesAny#3@8$(97,(101,100), this.pos)
0.010526;False;clear;org.jsoup.parser.TokenQueue%matchesAny#3@9$(100,100, arr$)
0.010526;False;clear;org.jsoup.parser.TokenQueue%matchesAny#3@10$(100,(100,100), len$)
0.010526;False;clear;org.jsoup.parser.TokenQueue%matchesAny#3@12$(100,(100,100), i$)
0.010526;False;clear;org.jsoup.parser.TokenQueue%matchesAny#3@14$(100,100, i$)
0.010526;False;clear;org.jsoup.parser.TokenQueue%matchesAny#3@15$(100,100, i$)
0.010526;False;clear;org.jsoup.parser.TokenQueue%matchesAny#3@17$(100,(101,100), c)
0.010526;False;clear;org.jsoup.parser.TokenQueue%matchesAny#3@18$(100,(100,100), i$)
0.010526;False;clear;org.jsoup.parser.TokenQueue%matchesAny#3@20$(100,100, i$)
0.010526;False;clear;org.jsoup.select.QueryParser%parse#0@3$(47,(56,58), this)
0.010526;False;clear;org.jsoup.select.QueryParser%parse#0@9$(47,58, this)
0.010526;False;clear;org.jsoup.select.QueryParser%parse#0@19$(47,(56,58), this.tq)
0.010526;False;clear;org.jsoup.select.QueryParser%parse#0@21$(47,58, this.tq)
0.009901;True;clear;org.jsoup.parser.Token%isStartTag#2@1$(307,(307,307), this)
0.009901;True;clear;org.jsoup.parser.Token%isStartTag#2@3$(307,(307,307), StartTag)
0.009901;True;clear;org.jsoup.parser.Token%isStartTag#2@5$(307,(307,307), this.type)
0.009434;True;clear;org.jsoup.parser.TokenQueue%matchesWord#7@3$(140,(140,140), this)
0.009434;True;clear;org.jsoup.parser.TokenQueue%matchesWord#7@5$(140,(140,140), this.queue)
0.009434;True;clear;org.jsoup.parser.TokenQueue%matchesWord#7@7$(140,(140,140), this.pos)
0.008403;True;clear;org.jsoup.parser.ParseErrorList%canAddError#0@1$(20,(20,20), this)
0.008403;True;clear;org.jsoup.parser.ParseErrorList%canAddError#0@3$(20,(20,20), this.maxSize)
0.007143;False;clear;org.jsoup.select.Elements%first#28@2$(465,465, this)
0.007143;True;clear;org.jsoup.parser.TokenQueue%consumeElementSelector#18@13$(351,351, this.pos)
0.006098;True;clear;org.jsoup.helper.StringUtil%isWhitespace#4@1$(106,(106,106), c)
0.004717;True;clear;org.jsoup.select.QueryParser%parse#0@5$(47,(69,70), this)
0.004717;True;clear;org.jsoup.select.QueryParser%parse#0@8$(47,70, this)
0.004717;True;clear;org.jsoup.select.QueryParser%parse#0@30$(47,(69,70), this.evals)
0.004717;True;clear;org.jsoup.select.QueryParser%parse#0@33$(47,70, this.evals)
0.004695;True;clear;org.jsoup.select.QueryParser%byTag#4@3$(213,(217,220), tagName)
0.004695;True;clear;org.jsoup.select.QueryParser%byTag#4@4$(213,220, tagName)
0.004695;True;clear;org.jsoup.select.Collector$Accumulator%head#0@4$(40,(40,45), node)
0.004673;False;clear;org.jsoup.parser.TokenQueue%consumeElementSelector#18@0$(349,(350,350), this)
0.004673;False;clear;org.jsoup.parser.TokenQueue%consumeElementSelector#18@2$(349,353, this)
0.004673;True;clear;org.jsoup.parser.TokenQueue%consumeElementSelector#18@4$(349,(350,351), this)
0.004673;False;clear;org.jsoup.parser.TokenQueue%consumeElementSelector#18@5$(349,351, this)
0.004673;False;clear;org.jsoup.parser.TokenQueue%consumeElementSelector#18@9$(349,351, this.pos)
0.004673;False;clear;org.jsoup.parser.TokenQueue%consumeElementSelector#18@10$(349,353, this.queue)
0.004673;False;clear;org.jsoup.parser.TokenQueue%consumeElementSelector#18@11$(349,353, start)
0.004673;False;clear;org.jsoup.parser.TokenQueue%consumeElementSelector#18@12$(351,353, this.pos)
0.004673;True;clear;org.jsoup.select.QueryParser%findElements#3@4$(143,(147,148), this)
0.004673;True;clear;org.jsoup.select.QueryParser%findElements#3@77$(143,148, this)
0.004673;True;clear;org.jsoup.select.QueryParser%findElements#3@84$(143,(147,148), this.tq)
0.004673;False;clear;org.jsoup.select.QueryParser%byTag#4@0$(213,220, this)
0.004673;False;clear;org.jsoup.select.QueryParser%byTag#4@1$(213,220, this.evals)
0.004587;False;nounc;org.jsoup.parser.HtmlTreeBuilderState$7%process#0@51$(246,(253,253), tb)
0.004587;False;nounc;org.jsoup.parser.HtmlTreeBuilderState$7%process#0@381$(248,(253,257), c)
0.004525;True;clear;org.jsoup.parser.HtmlTreeBuilderState%isWhitespace#1@7$(1465,(1466,1467), c)
0.004464;False;clear;org.jsoup.select.QueryParser%findElements#3@3$(143,(145,147), this)
0.004464;False;clear;org.jsoup.select.QueryParser%findElements#3@83$(143,(145,147), this.tq)
0.004444;False;clear;org.jsoup.select.QueryParser%findElements#3@1$(143,(143,145), this)
0.004444;False;clear;org.jsoup.select.QueryParser%findElements#3@81$(143,(143,145), this.tq)
0.004405;True;clear;org.jsoup.parser.TokenQueue%matchChomp#5@1$(119,(119,123), this)
0.004405;True;clear;org.jsoup.parser.TokenQueue%matchChomp#5@4$(119,(119,123), seq)
0.004405;True;clear;org.jsoup.parser.TokenQueue%matchesWord#7@2$(140,(140,140), this)
0.004405;True;clear;org.jsoup.parser.TokenQueue%matchesWord#7@4$(140,(140,140), this.queue)
0.004405;True;clear;org.jsoup.parser.TokenQueue%matchesWord#7@6$(140,(140,140), this.pos)
0.004348;False;clear;org.jsoup.parser.TokenQueue%matchesWhitespace#6@0$(132,(132,132), this)
0.004348;True;clear;org.jsoup.parser.TokenQueue%matchesWhitespace#6@3$(132,(132,132), this)
0.004348;True;clear;org.jsoup.parser.TokenQueue%matchesWhitespace#6@5$(132,(132,132), this.queue)
0.004348;True;clear;org.jsoup.parser.TokenQueue%matchesWhitespace#6@7$(132,(132,132), this.pos)
0.004348;False;clear;org.jsoup.parser.TokenQueue%matchesAny#2@1$(89,(90,89), this)
0.004348;False;clear;org.jsoup.parser.TokenQueue%matchesAny#2@2$(89,89, arr$)
0.004348;False;clear;org.jsoup.parser.TokenQueue%matchesAny#2@3$(89,(89,89), len$)
0.004348;False;clear;org.jsoup.parser.TokenQueue%matchesAny#2@4$(89,(89,93), len$)
0.004348;False;clear;org.jsoup.parser.TokenQueue%matchesAny#2@5$(89,(89,89), i$)
0.004348;False;clear;org.jsoup.parser.TokenQueue%matchesAny#2@7$(89,89, i$)
0.004348;False;clear;org.jsoup.parser.TokenQueue%matchesAny#2@8$(89,89, i$)
0.004348;False;clear;org.jsoup.parser.TokenQueue%matchesAny#2@10$(89,(90,89), s)
0.004348;False;clear;org.jsoup.parser.TokenQueue%matchesAny#2@11$(89,(89,89), i$)
0.004348;True;clear;org.jsoup.parser.TokenQueue%matchesAny#2@12$(89,(89,93), i$)
0.004348;False;clear;org.jsoup.parser.TokenQueue%matchesAny#2@13$(89,89, i$)
0.004348;True;clear;org.jsoup.parser.TokenQueue%matchesAny#2@14$(89,89, i$)
0.004348;False;clear;org.jsoup.parser.TokenQueue%consumeWhitespace#15@1$(311,(312,316), this)
0.004348;True;clear;org.jsoup.parser.TokenQueue%consumeWhitespace#15@4$(311,316, seen)
0.004348;True;clear;org.jsoup.select.QueryParser%parse#0@1$(47,(49,53), this)
0.004348;True;clear;org.jsoup.select.QueryParser%parse#0@2$(47,53, this)
0.004348;False;clear;org.jsoup.select.QueryParser%parse#0@4$(47,(56,69), this)
0.004348;True;clear;org.jsoup.select.QueryParser%parse#0@18$(47,(49,53), this.tq)
0.004348;False;clear;org.jsoup.select.QueryParser%parse#0@20$(47,(56,69), this.tq)
0.004348;True;clear;org.jsoup.select.QueryParser%parse#0@27$(47,(49,53), combinators)
0.004329;False;clear;org.jsoup.parser.TokenQueue%matchesWord#7@0$(140,(140,140), this)
0.004310;True;clear;org.jsoup.parser.TokenQueue%isEmpty#0@0$(31,(31,31), this)
0.004255;True;clear;org.jsoup.parser.HtmlTreeBuilderState%isWhitespace#0@0$(1455,(1455,1456), t)
0.004255;True;clear;org.jsoup.parser.HtmlTreeBuilderState%isWhitespace#0@2$(1455,1456, t)
0.004255;True;clear;org.jsoup.parser.TokenQueue%isEmpty#0@1$(31,(31,31), this)
0.004167;False;clear;org.jsoup.parser.HtmlTreeBuilderState%isWhitespace#1@0$(1464,(1464,1465), data)
0.004167;False;clear;org.jsoup.parser.HtmlTreeBuilderState%isWhitespace#1@2$(1464,1465, data)
0.004167;False;clear;org.jsoup.parser.HtmlTreeBuilderState%isWhitespace#1@3$(1464,(1464,1465), i)
0.004167;False;clear;org.jsoup.parser.HtmlTreeBuilderState%isWhitespace#1@5$(1464,1465, i)
0.003876;True;clear;org.jsoup.select.Collector$Accumulator%head#0@1$(40,(42,45), this)
0.003876;True;clear;org.jsoup.select.Collector$Accumulator%head#0@7$(40,(42,45), this.eval)
0.003876;True;clear;org.jsoup.select.Collector$Accumulator%head#0@9$(40,(42,45), this.root)
0.003876;True;clear;org.jsoup.select.Collector$Accumulator%head#0@12$(41,(42,45), el)
0.003861;False;clear;org.jsoup.select.Collector$Accumulator%head#0@3$(40,(40,41), node)
0.003861;False;clear;org.jsoup.select.Collector$Accumulator%head#0@5$(40,41, node)
0.003802;True;clear;org.jsoup.parser.Token%isCharacter#5@0$(331,(331,331), this)
0.003802;True;clear;org.jsoup.parser.Token%isCharacter#5@2$(331,(331,331), Character)
0.003802;True;clear;org.jsoup.parser.Token%isCharacter#5@4$(331,(331,331), this.type)
0.003731;True;clear;org.jsoup.nodes.Node%nextSibling#18@0$(489,(489,490), this)
0.003731;True;clear;org.jsoup.nodes.Node%nextSibling#18@4$(489,(489,490), this.parentNode)
0.003534;True;clear;org.jsoup.parser.CharacterReader%consumeData#9@32$(165,165, this.pos)
0.003509;True;clear;org.jsoup.parser.CharacterReader%consumeData#9@23$(162,(163,168), c)
0.003497;True;clear;org.jsoup.parser.CharacterReader%rangeEquals#26@19$(389,389, i)
0.003497;True;clear;org.jsoup.parser.CharacterReader%rangeEquals#26@22$(389,389, j)
0.003497;True;clear;org.jsoup.parser.HtmlTreeBuilderState$2%process#0@0$(37,53, this)
0.003497;True;clear;org.jsoup.parser.HtmlTreeBuilderState$2%process#0@13$(37,(47,49), t)
0.003497;True;clear;org.jsoup.parser.HtmlTreeBuilderState$2%process#0@15$(37,(49,53), t)
0.003497;True;clear;org.jsoup.parser.HtmlTreeBuilderState$2%process#0@16$(37,53, t)
0.003497;True;clear;org.jsoup.parser.HtmlTreeBuilderState$2%process#0@24$(37,53, tb)
0.003484;True;clear;org.jsoup.parser.HtmlTreeBuilderState$3%process#0@13$(66,(79,82), t)
0.003484;True;clear;org.jsoup.parser.HtmlTreeBuilderState$3%process#0@15$(66,(82,86), t)
0.003484;True;clear;org.jsoup.parser.HtmlTreeBuilderState$3%process#0@16$(66,87, t)
0.003484;True;clear;org.jsoup.parser.HtmlTreeBuilderState$3%process#0@27$(66,86, tb)
0.003484;True;clear;org.jsoup.parser.HtmlTreeBuilderState$3%process#0@28$(66,87, tb)
0.003378;True;clear;org.jsoup.parser.TreeBuilder%processStartTag#1@1$(61,(61,64), this)
0.003378;True;clear;org.jsoup.parser.TreeBuilder%processStartTag#1@2$(61,64, this)
0.003378;True;clear;org.jsoup.parser.TreeBuilder%processStartTag#1@4$(61,64, name)
0.003378;True;clear;org.jsoup.parser.TreeBuilder%processStartTag#1@7$(61,(61,64), this.start)
0.003378;True;clear;org.jsoup.parser.TreeBuilder%processStartTag#1@8$(61,64, this.start)
0.003378;True;clear;org.jsoup.parser.TreeBuilder%processStartTag#1@10$(61,(61,64), this.currentToken)
0.003378;False;nounc;org.jsoup.parser.HtmlTreeBuilderState$7%process#0@41$(246,(246,248), t)
0.003378;False;nounc;org.jsoup.parser.HtmlTreeBuilderState$7%process#0@42$(246,248, t)
0.003378;False;nounc;org.jsoup.parser.HtmlTreeBuilderState$7%process#0@53$(246,257, tb)
0.003378;False;nounc;org.jsoup.parser.HtmlTreeBuilderState$7%process#0@54$(246,258, tb)
0.003378;False;nounc;org.jsoup.parser.HtmlTreeBuilderState$7%process#0@55$(246,259, tb)
0.003378;False;nounc;org.jsoup.parser.HtmlTreeBuilderState$7%process#0@344$(246,(246,248), $SwitchMap$org$jsoup$parser$Token$TokenType)
0.003378;False;nounc;org.jsoup.parser.HtmlTreeBuilderState$7%process#0@350$(246,(246,248), t.type)
0.003378;False;nounc;org.jsoup.parser.HtmlTreeBuilderState$7%process#0@378$(248,(249,253), c)
0.003378;False;nounc;org.jsoup.parser.HtmlTreeBuilderState$7%process#0@379$(248,258, c)
0.003344;False;clear;org.jsoup.parser.CharacterReader%consumeData#9@26$(165,(161,162), this.pos)
0.003344;False;clear;org.jsoup.parser.CharacterReader%consumeData#9@31$(165,162, this.pos)
0.003322;True;clear;org.jsoup.parser.TreeBuilder%processEndTag#3@1$(77,(77,80), this)
0.003322;True;clear;org.jsoup.parser.TreeBuilder%processEndTag#3@2$(77,80, this)
0.003322;True;clear;org.jsoup.parser.TreeBuilder%processEndTag#3@4$(77,80, name)
0.003322;True;clear;org.jsoup.parser.TreeBuilder%processEndTag#3@7$(77,(77,80), this.end)
0.003322;True;clear;org.jsoup.parser.TreeBuilder%processEndTag#3@8$(77,80, this.end)
0.003322;True;clear;org.jsoup.parser.TreeBuilder%processEndTag#3@10$(77,(77,80), this.currentToken)
0.003322;True;clear;org.jsoup.select.NodeTraversor%traverse#0@35$(33,(36,41), node)
0.003322;False;clear;org.jsoup.select.NodeTraversor%traverse#0@36$(33,41, node)
0.003322;True;clear;org.jsoup.select.NodeTraversor%traverse#0@38$(33,(42,44), node)
0.003322;True;clear;org.jsoup.select.NodeTraversor%traverse#0@39$(33,44, node)
0.003322;False;clear;org.jsoup.select.NodeTraversor%traverse#0@44$(34,41, depth)
0.003311;True;clear;org.jsoup.parser.TokeniserState$1%read#0@6$(12,28, t)
0.003311;True;clear;org.jsoup.parser.TokeniserState$1%read#0@7$(12,(12,27), r)
0.003311;True;clear;org.jsoup.parser.TokeniserState$1%read#0@13$(12,27, r)
0.003311;False;clear;org.jsoup.parser.CharacterReader%consumeData#9@0$(157,(161,162), this)
0.003311;False;clear;org.jsoup.parser.CharacterReader%consumeData#9@2$(157,(168,168), this)
0.003311;False;clear;org.jsoup.parser.CharacterReader%consumeData#9@4$(157,168, this)
0.003311;False;clear;org.jsoup.parser.CharacterReader%consumeData#9@5$(157,162, this)
0.003311;False;clear;org.jsoup.parser.CharacterReader%consumeData#9@6$(157,165, this)
0.003311;False;clear;org.jsoup.parser.CharacterReader%consumeData#9@7$(157,(161,162), this.pos)
0.003311;False;clear;org.jsoup.parser.CharacterReader%consumeData#9@12$(157,162, this.pos)
0.003311;False;clear;org.jsoup.parser.CharacterReader%consumeData#9@13$(157,165, this.pos)
0.003311;False;clear;org.jsoup.parser.CharacterReader%consumeData#9@14$(157,(168,168), start)
0.003311;False;clear;org.jsoup.parser.CharacterReader%consumeData#9@16$(157,168, start)
0.003311;False;clear;org.jsoup.parser.CharacterReader%consumeData#9@17$(158,(161,162), remaining)
0.003311;False;clear;org.jsoup.parser.CharacterReader%consumeData#9@19$(159,162, val)
0.003311;False;clear;org.jsoup.parser.CharacterReader%consumeData#9@20$(162,(163,163), c)
0.003311;False;clear;org.jsoup.parser.CharacterReader%consumeData#9@22$(162,(163,163), c)
0.003311;False;clear;org.jsoup.parser.CharacterReader%consumeData#9@25$(162,(163,165), c)
0.003311;True;clear;org.jsoup.parser.CharacterReader%consumeData#9@28$(165,(168,168), this.pos)
0.003311;False;clear;org.jsoup.parser.CharacterReader%consumeData#9@30$(165,168, this.pos)
0.003289;True;clear;org.jsoup.parser.Token%isEndTag#3@1$(315,(315,315), this)
0.003289;True;clear;org.jsoup.parser.Token%isEndTag#3@3$(315,(315,315), EndTag)
0.003289;True;clear;org.jsoup.parser.Token%isEndTag#3@5$(315,(315,315), this.type)
0.003279;False;clear;org.jsoup.select.NodeTraversor%traverse#0@68$(44,(32,33), node)
0.003279;False;clear;org.jsoup.select.NodeTraversor%traverse#0@78$(44,33, node)
0.003236;True;clear;org.jsoup.parser.HtmlTreeBuilder%insert#6@2$(232,236, this)
0.003236;True;clear;org.jsoup.parser.HtmlTreeBuilder%insert#6@4$(232,236, characterToken)
0.003236;True;clear;org.jsoup.parser.HtmlTreeBuilder%insert#6@6$(232,236, this.baseUri)
0.003236;True;clear;org.jsoup.parser.HtmlTreeBuilder%insert#6@10$(232,(233,236), tagName)
0.003236;True;clear;org.jsoup.parser.HtmlTreeBuilder%insert#6@12$(236,237, node)
0.003226;False;clear;org.jsoup.parser.HtmlTreeBuilder%insert#6@7$(232,(233,233), tagName)
0.003175;False;clear;org.jsoup.parser.HtmlTreeBuilder%insert#6@1$(232,237, this)
0.003165;True;clear;org.jsoup.parser.HtmlTreeBuilder%lastFormattingElement#22@1$(556,(556,556), this)
0.003165;True;clear;org.jsoup.parser.HtmlTreeBuilder%lastFormattingElement#22@4$(556,(556,556), this.formattingElements)
0.003155;False;nounc;org.jsoup.parser.HtmlTreeBuilderState$7%process#0@36$(246,(246,758), t)
0.003155;False;nounc;org.jsoup.parser.HtmlTreeBuilderState$7%process#0@339$(246,(246,758), $SwitchMap$org$jsoup$parser$Token$TokenType)
0.003155;False;nounc;org.jsoup.parser.HtmlTreeBuilderState$7%process#0@345$(246,(246,758), t.type)
0.003155;True;clear;org.jsoup.parser.HtmlTreeBuilderState$1%process#0@5$(14,(18,29), t)
0.003155;True;clear;org.jsoup.parser.HtmlTreeBuilderState$1%process#0@6$(14,30, t)
0.003155;True;clear;org.jsoup.parser.HtmlTreeBuilderState$1%process#0@9$(14,29, tb)
0.003155;True;clear;org.jsoup.parser.HtmlTreeBuilderState$1%process#0@10$(14,30, tb)
0.003155;True;clear;org.jsoup.parser.HtmlTreeBuilderState$1%process#0@17$(14,29, BeforeHtml)
0.003106;True;clear;org.jsoup.parser.Tokeniser%emit#2@0$(89,(89,90), this)
0.003106;True;clear;org.jsoup.parser.Tokeniser%emit#2@6$(89,90, this)
0.003106;True;clear;org.jsoup.parser.Tokeniser%emit#2@8$(89,90, str)
0.003106;True;clear;org.jsoup.parser.Tokeniser%emit#2@9$(89,(89,90), this.charsString)
0.003096;True;clear;org.jsoup.select.NodeTraversor%traverse#0@32$(33,(32,33), node)
0.003096;True;clear;org.jsoup.select.NodeTraversor%traverse#0@42$(33,33, node)
0.003049;False;clear;org.jsoup.parser.HtmlTreeBuilder%lastFormattingElement#22@2$(556,556, this)
0.003049;False;clear;org.jsoup.parser.HtmlTreeBuilder%lastFormattingElement#22@5$(556,556, this.formattingElements)
0.003049;True;clear;org.jsoup.parser.HtmlTreeBuilder%reconstructFormattingElements#26@14$(595,(596,597), last)
0.003030;True;clear;org.jsoup.parser.HtmlTreeBuilderState$6%process#0@39$(195,207, tb)
0.003030;True;clear;org.jsoup.parser.HtmlTreeBuilderState$6%process#0@40$(195,208, tb)
0.003030;True;clear;org.jsoup.parser.HtmlTreeBuilderState$6%process#0@41$(195,209, tb)
0.003030;True;clear;org.jsoup.parser.HtmlTreeBuilderState$6%process#0@46$(195,209, InBody)
0.003030;True;clear;org.jsoup.parser.HtmlTreeBuilderState$6%process#0@51$(202,207, startTag)
0.003030;True;clear;org.jsoup.parser.HtmlTreeBuilderState$6%process#0@54$(203,(206,207), name)
0.003012;False;clear;org.jsoup.select.NodeTraversor%traverse#0@4$(27,(42,44), root)
0.003012;False;clear;org.jsoup.select.NodeTraversor%traverse#0@65$(44,(30,31), node)
0.003012;False;clear;org.jsoup.select.NodeTraversor%traverse#0@67$(44,31, node)
0.003003;False;clear;org.jsoup.parser.HtmlTreeBuilderState$3%process#0@3$(66,(66,68), t)
0.003003;False;clear;org.jsoup.parser.HtmlTreeBuilderState$3%process#0@5$(66,(68,70), t)
0.003003;False;clear;org.jsoup.parser.HtmlTreeBuilderState$3%process#0@7$(66,(70,73), t)
0.003003;False;clear;org.jsoup.parser.HtmlTreeBuilderState$3%process#0@8$(66,(73,73), t)
0.003003;False;clear;org.jsoup.parser.HtmlTreeBuilderState$3%process#0@10$(66,(75,75), t)
0.003003;True;clear;org.jsoup.parser.HtmlTreeBuilderState$3%process#0@20$(66,(75,76), t)
0.003003;True;clear;org.jsoup.parser.HtmlTreeBuilderState$3%process#0@22$(66,76, t)
0.003003;True;clear;org.jsoup.parser.HtmlTreeBuilderState$3%process#0@24$(66,(73,75), t)
0.003003;True;clear;org.jsoup.parser.HtmlTreeBuilderState$3%process#0@32$(66,76, tb)
0.003003;True;clear;org.jsoup.parser.HtmlTreeBuilderState$3%process#0@33$(66,77, tb)
0.003003;True;clear;org.jsoup.parser.HtmlTreeBuilderState$3%process#0@34$(66,78, tb)
0.003003;True;clear;org.jsoup.parser.HtmlTreeBuilderState$3%process#0@39$(66,78, InHead)
0.003003;False;clear;org.jsoup.parser.HtmlTreeBuilderState$4%process#0@12$(94,(98,141), t)
0.003003;False;clear;org.jsoup.parser.HtmlTreeBuilderState$4%process#0@13$(94,141, t)
0.003003;True;clear;org.jsoup.parser.HtmlTreeBuilderState$4%process#0@23$(94,144, tb)
0.003003;True;clear;org.jsoup.parser.HtmlTreeBuilderState$4%process#0@24$(94,145, tb)
0.003003;False;clear;org.jsoup.parser.HtmlTreeBuilderState$4%process#0@47$(94,(98,141), $SwitchMap$org$jsoup$parser$Token$TokenType)
0.003003;False;clear;org.jsoup.parser.HtmlTreeBuilderState$4%process#0@52$(94,(98,141), t.type)
0.003003;True;clear;org.jsoup.parser.HtmlTreeBuilderState$4%process#0@58$(94,145, AfterHead)
0.003003;True;clear;org.jsoup.parser.HtmlTreeBuilderState$4%process#0@86$(142,(143,144), name)
0.003003;False;clear;org.jsoup.parser.HtmlTreeBuilderState$2%process#0@5$(37,(37,40), t)
0.003003;False;clear;org.jsoup.parser.HtmlTreeBuilderState$2%process#0@7$(37,(40,42), t)
0.003003;False;clear;org.jsoup.parser.HtmlTreeBuilderState$2%process#0@9$(37,(42,44), t)
0.003003;True;clear;org.jsoup.parser.HtmlTreeBuilder%insertNode#7@0$(242,(242,243), this)
0.003003;True;clear;org.jsoup.parser.HtmlTreeBuilder%insertNode#7@9$(242,243, this)
0.003003;True;clear;org.jsoup.parser.HtmlTreeBuilder%insertNode#7@17$(242,243, node)
0.003003;True;clear;org.jsoup.parser.HtmlTreeBuilder%insertNode#7@18$(242,(242,243), this.stack)
0.003003;True;clear;org.jsoup.parser.HtmlTreeBuilder%insertNode#7@20$(242,243, this.doc)
0.003003;False;clear;org.jsoup.parser.HtmlTreeBuilderState$1%process#0@1$(14,(14,16), t)
0.003003;False;clear;org.jsoup.parser.HtmlTreeBuilderState$1%process#0@3$(14,(16,18), t)
0.003003;True;clear;org.jsoup.select.NodeTraversor%traverse#0@56$(38,37, node)
0.003003;True;clear;org.jsoup.select.NodeTraversor%traverse#0@57$(38,38, node)
0.003003;False;clear;org.jsoup.parser.HtmlTreeBuilderState$6%process#0@8$(195,(195,197), t)
0.003003;False;clear;org.jsoup.parser.HtmlTreeBuilderState$6%process#0@10$(195,(197,199), t)
0.003003;False;clear;org.jsoup.parser.HtmlTreeBuilderState$6%process#0@12$(195,(199,201), t)
0.003003;False;clear;org.jsoup.parser.HtmlTreeBuilderState$6%process#0@13$(195,(201,202), t)
0.003003;False;clear;org.jsoup.parser.HtmlTreeBuilderState$6%process#0@21$(195,202, t)
0.003003;False;clear;org.jsoup.parser.HtmlTreeBuilderState$6%process#0@53$(203,(204,206), name)
0.002985;True;clear;org.jsoup.parser.Token%isStartTag#2@0$(307,(307,307), this)
0.002985;True;clear;org.jsoup.parser.Token%isStartTag#2@2$(307,(307,307), StartTag)
0.002985;True;clear;org.jsoup.parser.Token%isStartTag#2@4$(307,(307,307), this.type)
0.002985;True;clear;org.jsoup.parser.Token%isDoctype#1@1$(299,(299,299), this)
0.002985;True;clear;org.jsoup.parser.Token%isDoctype#1@3$(299,(299,299), Doctype)
0.002985;True;clear;org.jsoup.parser.Token%isDoctype#1@5$(299,(299,299), this.type)
0.002985;True;clear;org.jsoup.parser.Token%isComment#4@1$(323,(323,323), this)
0.002985;True;clear;org.jsoup.parser.Token%isComment#4@3$(323,(323,323), Comment)
0.002985;True;clear;org.jsoup.parser.Token%isComment#4@5$(323,(323,323), this.type)
0.002967;True;clear;org.jsoup.parser.HtmlTreeBuilderState%isWhitespace#0@1$(1455,(1455,1459), t)
0.002967;False;clear;org.jsoup.parser.HtmlTreeBuilderState$4%process#0@7$(94,(94,98), t)
0.002950;True;clear;org.jsoup.parser.Token%isCharacter#5@1$(331,(331,331), this)
0.002950;True;clear;org.jsoup.parser.Token%isCharacter#5@3$(331,(331,331), Character)
0.002950;True;clear;org.jsoup.parser.Token%isCharacter#5@5$(331,(331,331), this.type)
0.002950;False;clear;org.jsoup.select.NodeTraversor%traverse#0@34$(33,(36,36), node)
0.002950;True;clear;org.jsoup.select.NodeTraversor%traverse#0@40$(33,37, node)
0.002950;True;clear;org.jsoup.select.NodeTraversor%traverse#0@41$(33,38, node)
0.002941;False;clear;org.jsoup.select.NodeTraversor%traverse#0@49$(34,34, depth)
0.002941;False;clear;org.jsoup.select.NodeTraversor%traverse#0@61$(39,(36,37), depth)
0.002941;False;clear;org.jsoup.select.NodeTraversor%traverse#0@63$(39,37, depth)
0.002941;False;clear;org.jsoup.select.NodeTraversor%traverse#0@64$(39,39, depth)
0.002907;True;clear;org.jsoup.parser.CharacterReader%cacheString#25@0$(348,(370,371), this)
0.002907;True;clear;org.jsoup.parser.CharacterReader%cacheString#25@3$(348,(370,371), start)
0.002907;True;clear;org.jsoup.parser.CharacterReader%cacheString#25@12$(348,(370,371), count)
0.002907;False;clear;org.jsoup.parser.CharacterReader%cacheString#25@40$(364,(366,370), cached)
0.002907;True;clear;org.jsoup.parser.CharacterReader%cacheString#25@41$(364,(370,371), cached)
0.002907;True;clear;org.jsoup.parser.CharacterReader%cacheString#25@43$(364,371, cached)
0.002899;False;clear;org.jsoup.parser.CharacterReader%rangeEquals#26@0$(384,385, this)
0.002899;False;clear;org.jsoup.parser.CharacterReader%rangeEquals#26@1$(384,386, start)
0.002899;False;clear;org.jsoup.parser.CharacterReader%rangeEquals#26@2$(384,(384,385), count)
0.002899;False;clear;org.jsoup.parser.CharacterReader%rangeEquals#26@4$(384,388, count)
0.002899;False;clear;org.jsoup.parser.CharacterReader%rangeEquals#26@5$(384,(384,385), cached)
0.002899;False;clear;org.jsoup.parser.CharacterReader%rangeEquals#26@8$(384,(389,388), cached)
0.002899;False;clear;org.jsoup.parser.CharacterReader%rangeEquals#26@9$(384,385, this.input)
0.002899;False;clear;org.jsoup.parser.CharacterReader%rangeEquals#26@11$(385,(389,388), one)
0.002899;False;clear;org.jsoup.parser.CharacterReader%rangeEquals#26@12$(386,389, i)
0.002899;False;clear;org.jsoup.parser.CharacterReader%rangeEquals#26@13$(387,389, j)
0.002899;False;clear;org.jsoup.parser.CharacterReader%rangeEquals#26@14$(388,(388,389), count)
0.002899;True;clear;org.jsoup.parser.CharacterReader%rangeEquals#26@15$(388,(388,392), count)
0.002899;False;clear;org.jsoup.parser.CharacterReader%rangeEquals#26@16$(388,388, count)
0.002899;False;clear;org.jsoup.parser.CharacterReader%rangeEquals#26@18$(389,(389,388), i)
0.002899;False;clear;org.jsoup.parser.CharacterReader%rangeEquals#26@21$(389,(389,388), j)
0.002865;True;clear;org.jsoup.nodes.Node%nextSibling#18@9$(492,(494,495), siblings)
0.002865;True;clear;org.jsoup.nodes.Node%nextSibling#18@11$(492,495, siblings)
0.002865;True;clear;org.jsoup.nodes.Node%nextSibling#18@12$(493,(494,495), index)
0.002865;True;clear;org.jsoup.nodes.Node%nextSibling#18@14$(493,495, index)
0.002786;False;clear;org.jsoup.parser.CharacterReader%matchesLetter#20@7$(299,(300,300), c)
0.002786;True;clear;org.jsoup.parser.CharacterReader%matchesLetter#20@11$(299,(300,300), c)
0.002778;True;clear;org.jsoup.parser.HtmlTreeBuilder%insert#3@0$(174,182, this)
0.002778;True;clear;org.jsoup.parser.HtmlTreeBuilder%insert#3@1$(174,183, this)
0.002778;True;clear;org.jsoup.parser.HtmlTreeBuilder%insert#3@7$(174,(174,182), startTag)
0.002778;True;clear;org.jsoup.parser.HtmlTreeBuilder%insert#3@8$(174,182, startTag)
0.002778;True;clear;org.jsoup.parser.HtmlTreeBuilder%insert#3@15$(174,182, this.baseUri)
0.002778;True;clear;org.jsoup.parser.HtmlTreeBuilder%insert#3@16$(174,182, startTag.attributes)
0.002762;False;clear;org.jsoup.helper.StringUtil%isWhitespace#4@4$(106,(106,106), c)
0.002762;False;clear;org.jsoup.helper.StringUtil%isWhitespace#4@6$(106,(106,106), c)
0.002762;True;clear;org.jsoup.helper.StringUtil%isWhitespace#4@9$(106,(106,106), c)
0.002762;True;clear;org.jsoup.select.NodeTraversor%traverse#0@62$(39,(36,41), depth)
0.002762;False;clear;org.jsoup.parser.TokeniserState$8%read#0@9$(142,(142,153), r)
0.002755;False;clear;org.jsoup.parser.CharacterReader%matchesLetter#20@5$(299,(300,300), c)
0.002755;False;clear;org.jsoup.helper.StringUtil%isWhitespace#4@0$(106,(106,106), c)
0.002755;False;clear;org.jsoup.helper.StringUtil%isWhitespace#4@2$(106,(106,106), c)
0.002755;False;clear;org.jsoup.select.NodeTraversor%traverse#0@50$(38,(36,36), node)
0.002747;True;clear;org.jsoup.parser.TokeniserState$1%read#0@2$(12,17, t)
0.002747;True;clear;org.jsoup.parser.TokeniserState$1%read#0@10$(12,(12,17), r)
0.002747;True;clear;org.jsoup.parser.TokeniserState$1%read#0@15$(12,17, TagOpen)
0.002747;False;clear;org.jsoup.parser.CharacterReader%matchesLetter#20@1$(297,(297,299), this)
0.002747;False;clear;org.jsoup.parser.CharacterReader%matchesLetter#20@2$(297,299, this)
0.002747;False;clear;org.jsoup.parser.CharacterReader%matchesLetter#20@3$(297,299, this.input)
0.002747;False;clear;org.jsoup.parser.CharacterReader%matchesLetter#20@4$(297,299, this.pos)
0.002747;False;clear;org.jsoup.parser.HtmlTreeBuilder%insertNode#7@1$(242,(242,244), this)
0.002747;True;clear;org.jsoup.parser.HtmlTreeBuilder%insertNode#7@3$(242,(244,247), this)
0.002747;True;clear;org.jsoup.parser.HtmlTreeBuilder%insertNode#7@4$(242,247, this)
0.002747;True;clear;org.jsoup.parser.HtmlTreeBuilder%insertNode#7@10$(242,247, node)
0.002747;False;clear;org.jsoup.parser.HtmlTreeBuilder%insertNode#7@11$(242,(250,250), node)
0.002747;True;clear;org.jsoup.parser.HtmlTreeBuilder%insertNode#7@14$(242,(250,254), node)
0.002747;False;clear;org.jsoup.parser.HtmlTreeBuilder%insertNode#7@19$(242,(242,244), this.stack)
0.002740;False;clear;org.jsoup.select.NodeTraversor%traverse#0@2$(27,37, this)
0.002740;False;clear;org.jsoup.select.NodeTraversor%traverse#0@7$(27,37, this.visitor)
0.002740;True;clear;org.jsoup.select.NodeTraversor%traverse#0@11$(27,(32,33), node)
0.002740;True;clear;org.jsoup.select.NodeTraversor%traverse#0@21$(27,33, node)
0.002740;False;clear;org.jsoup.select.NodeTraversor%traverse#0@28$(28,34, depth)
0.002740;False;clear;org.jsoup.select.NodeTraversor%traverse#0@29$(33,(30,31), node)
0.002740;False;clear;org.jsoup.select.NodeTraversor%traverse#0@31$(33,31, node)
0.002740;False;clear;org.jsoup.select.NodeTraversor%traverse#0@33$(33,(32,36), node)
0.002740;False;clear;org.jsoup.select.NodeTraversor%traverse#0@43$(34,31, depth)
0.002740;False;clear;org.jsoup.select.NodeTraversor%traverse#0@45$(34,(36,37), depth)
0.002740;False;clear;org.jsoup.select.NodeTraversor%traverse#0@47$(34,37, depth)
0.002740;False;clear;org.jsoup.select.NodeTraversor%traverse#0@48$(34,39, depth)
0.002740;False;clear;org.jsoup.select.NodeTraversor%traverse#0@52$(38,41, node)
0.002740;True;clear;org.jsoup.select.NodeTraversor%traverse#0@53$(38,(42,43), node)
0.002740;False;clear;org.jsoup.select.NodeTraversor%traverse#0@58$(39,41, depth)
0.002695;False;nounc;org.jsoup.parser.TreeBuilder%runParser#0@1$(49,(53,55), EOF)
0.002695;False;nounc;org.jsoup.parser.TreeBuilder%runParser#0@3$(49,(53,55), token)
0.002695;False;nounc;org.jsoup.parser.TreeBuilder%runParser#0@5$(49,(53,55), token.type)
0.002688;False;clear;org.jsoup.parser.Token$Tag%name#2@0$(123,(123,123), this)
0.002688;False;clear;org.jsoup.parser.Token$Tag%name#2@2$(123,124, this)
0.002688;True;clear;org.jsoup.parser.Token$Tag%name#2@4$(123,(123,123), this)
0.002688;False;clear;org.jsoup.parser.Token$Tag%name#2@5$(123,(123,123), this.tagName)
0.002688;False;clear;org.jsoup.parser.Token$Tag%name#2@7$(123,124, this.tagName)
0.002688;True;clear;org.jsoup.parser.Token$Tag%name#2@9$(123,(123,123), this.tagName)
0.002688;True;clear;org.jsoup.helper.Validate%isFalse#4@1$(53,(53,55), val)
0.002688;True;clear;org.jsoup.parser.TokeniserState$1%read#0@1$(12,24, t)
0.002688;True;clear;org.jsoup.parser.TokeniserState$1%read#0@11$(12,(12,24), r)
0.002688;True;clear;org.jsoup.parser.Token%reset#0@0$(28,(28,29), sb)
0.002688;True;clear;org.jsoup.parser.Token%reset#0@2$(28,29, sb)
0.002681;True;clear;org.jsoup.nodes.Node%nextSibling#18@10$(492,(494,497), siblings)
0.002681;True;clear;org.jsoup.nodes.Node%nextSibling#18@13$(493,(494,497), index)
0.002674;True;clear;org.jsoup.parser.Tokeniser%read#0@1$(44,(44,49), this)
0.002674;True;clear;org.jsoup.parser.Tokeniser%read#0@2$(44,(49,50), this)
0.002674;False;clear;org.jsoup.parser.Tokeniser%read#0@3$(44,(49,53), this)
0.002674;False;clear;org.jsoup.parser.Tokeniser%read#0@5$(44,(53,58), this)
0.002674;True;clear;org.jsoup.parser.Tokeniser%read#0@7$(44,(58,63), this)
0.002674;True;clear;org.jsoup.parser.Tokeniser%read#0@8$(44,63, this)
0.002674;True;clear;org.jsoup.parser.Tokeniser%read#0@9$(44,64, this)
0.002674;True;clear;org.jsoup.parser.Tokeniser%read#0@16$(44,50, this)
0.002674;True;clear;org.jsoup.parser.Tokeniser%read#0@20$(44,(44,49), this.selfClosingFlagAcknowledged)
0.002674;True;clear;org.jsoup.parser.Tokeniser%read#0@21$(44,(49,50), this.isEmitPending)
0.002674;False;clear;org.jsoup.parser.Tokeniser%read#0@22$(44,(49,53), this.isEmitPending)
0.002674;True;clear;org.jsoup.parser.Tokeniser%read#0@23$(44,50, this.state)
0.002674;True;clear;org.jsoup.parser.Tokeniser%read#0@24$(44,50, this.reader)
0.002674;False;clear;org.jsoup.parser.Tokeniser%read#0@26$(44,(53,58), this.charsBuilder)
0.002674;True;clear;org.jsoup.parser.Tokeniser%read#0@30$(44,(58,63), this.charsString)
0.002674;True;clear;org.jsoup.parser.Tokeniser%read#0@34$(44,64, this.emitPending)
0.002674;False;clear;org.jsoup.parser.Tokeniser%emit#1@4$(69,(74,79), token)
0.002674;True;clear;org.jsoup.parser.Tokeniser%emit#1@6$(69,(79,84), token)
0.002674;False;clear;org.jsoup.parser.Tokeniser%emit#1@10$(69,(74,79), StartTag)
0.002674;False;clear;org.jsoup.parser.Tokeniser%emit#1@12$(69,(74,79), token.type)
0.002674;True;clear;org.jsoup.parser.Tokeniser%emit#1@14$(69,(79,84), token.type)
0.002674;True;clear;org.jsoup.parser.Tokeniser%emit#1@16$(69,(79,84), EndTag)
0.002674;True;clear;org.jsoup.helper.Validate%isFalse#5@1$(63,(63,65), val)
0.002674;False;nounc;org.jsoup.parser.TreeBuilder%runParser#0@0$(49,(53,54), EOF)
0.002674;False;nounc;org.jsoup.parser.TreeBuilder%runParser#0@2$(49,(53,54), token)
0.002674;False;nounc;org.jsoup.parser.TreeBuilder%runParser#0@4$(49,(53,54), token.type)
0.002674;False;clear;org.jsoup.parser.TreeBuilder%currentElement#4@0$(85,86, this)
0.002674;False;clear;org.jsoup.parser.TreeBuilder%currentElement#4@1$(85,86, this.stack)
0.002674;True;clear;org.jsoup.parser.TreeBuilder%currentElement#4@2$(85,(86,86), size)
0.002674;False;clear;org.jsoup.parser.TreeBuilder%currentElement#4@4$(85,86, size)
0.002674;False;clear;org.jsoup.nodes.Node%nextSibling#18@1$(489,(489,492), this)
0.002674;False;clear;org.jsoup.nodes.Node%nextSibling#18@2$(489,492, this)
0.002674;False;clear;org.jsoup.nodes.Node%nextSibling#18@3$(489,493, this)
0.002674;False;clear;org.jsoup.nodes.Node%nextSibling#18@5$(489,(489,492), this.parentNode)
0.002674;False;clear;org.jsoup.nodes.Node%nextSibling#18@6$(489,492, this.parentNode)
0.002674;False;clear;org.jsoup.nodes.Node%nextSibling#18@7$(489,492, this.childNodes)
0.002674;False;clear;org.jsoup.nodes.Node%nextSibling#18@8$(489,493, this.siblingIndex)
0.002667;True;clear;org.jsoup.parser.CharacterReader%current#1@0$(36,(36,36), this)
0.002667;True;clear;org.jsoup.parser.CharacterReader%current#1@1$(36,(36,36), this)
0.002667;True;clear;org.jsoup.parser.CharacterReader%current#1@3$(36,(36,36), this.length)
0.002667;True;clear;org.jsoup.parser.CharacterReader%current#1@4$(36,(36,36), this.length)
0.002667;True;clear;org.jsoup.parser.CharacterReader%current#1@5$(36,(36,36), this.pos)
0.002667;True;clear;org.jsoup.parser.CharacterReader%current#1@6$(36,(36,36), this.pos)
0.002660;False;clear;org.jsoup.parser.CharacterReader%current#1@2$(36,36, this)
0.002660;False;clear;org.jsoup.parser.CharacterReader%current#1@7$(36,36, this.pos)
0.002660;False;clear;org.jsoup.parser.CharacterReader%current#1@8$(36,36, this.input)
0.002660;False;clear;org.jsoup.select.NodeTraversor%traverse#0@0$(27,31, this)
0.002660;False;clear;org.jsoup.select.NodeTraversor%traverse#0@1$(27,41, this)
0.002660;False;clear;org.jsoup.select.NodeTraversor%traverse#0@3$(27,(42,43), root)
0.002660;False;clear;org.jsoup.select.NodeTraversor%traverse#0@5$(27,31, this.visitor)
0.002660;False;clear;org.jsoup.select.NodeTraversor%traverse#0@6$(27,41, this.visitor)
0.002660;False;clear;org.jsoup.select.NodeTraversor%traverse#0@8$(27,(30,31), node)
0.002660;False;clear;org.jsoup.select.NodeTraversor%traverse#0@10$(27,31, node)
0.002660;False;clear;org.jsoup.select.NodeTraversor%traverse#0@22$(28,31, depth)
0.002639;True;clear;org.jsoup.parser.CharacterReader%isEmpty#0@1$(32,(32,32), this)
0.002639;True;clear;org.jsoup.parser.CharacterReader%isEmpty#0@3$(32,(32,32), this.length)
0.002639;True;clear;org.jsoup.parser.CharacterReader%isEmpty#0@5$(32,(32,32), this.pos)
0.002611;True;clear;org.jsoup.parser.CharacterReader%consume#2@1$(40,(40,40), this)
0.002611;False;clear;org.jsoup.parser.CharacterReader%consume#2@2$(40,40, this)
0.002611;False;clear;org.jsoup.parser.CharacterReader%consume#2@3$(40,41, this)
0.002611;True;clear;org.jsoup.parser.CharacterReader%consume#2@5$(40,(40,40), this.length)
0.002611;True;clear;org.jsoup.parser.CharacterReader%consume#2@7$(40,(40,40), this.pos)
0.002611;False;clear;org.jsoup.parser.CharacterReader%consume#2@8$(40,40, this.pos)
0.002611;False;clear;org.jsoup.parser.CharacterReader%consume#2@9$(40,41, this.pos)
0.002611;False;clear;org.jsoup.parser.CharacterReader%consume#2@10$(40,40, this.input)
0.002604;True;clear;org.jsoup.parser.CharacterReader%cacheString#25@31$(359,359, offset)
0.002604;True;clear;org.jsoup.parser.CharacterReader%cacheString#25@33$(359,359, hash)
0.002604;True;clear;org.jsoup.parser.CharacterReader%cacheString#25@34$(358,(358,359), i)
0.002604;True;clear;org.jsoup.parser.CharacterReader%cacheString#25@36$(358,358, i)
0.002597;True;clear;org.jsoup.nodes.Node%ensureChildNodes#14@1$(450,(450,453), this)
0.002597;True;clear;org.jsoup.nodes.Node%ensureChildNodes#14@4$(450,(450,453), EMPTY_NODES)
0.002597;True;clear;org.jsoup.nodes.Node%ensureChildNodes#14@6$(450,(450,453), this.childNodes)
0.002584;True;clear;org.jsoup.parser.Tag%valueOf#0@3$(51,(53,65), tag)
0.002584;True;clear;org.jsoup.parser.Tag%valueOf#0@4$(51,65, tag)
0.002571;True;clear;org.jsoup.nodes.Node%ensureChildNodes#14@0$(450,(450,451), this)
0.002571;True;clear;org.jsoup.nodes.Node%ensureChildNodes#14@2$(450,451, this)
0.002571;True;clear;org.jsoup.nodes.Node%ensureChildNodes#14@3$(450,(450,451), EMPTY_NODES)
0.002571;True;clear;org.jsoup.nodes.Node%ensureChildNodes#14@5$(450,(450,451), this.childNodes)
0.002571;True;clear;org.jsoup.nodes.Node%setParentNode#9@1$(402,(402,404), this)
0.002571;False;clear;org.jsoup.nodes.Node%setParentNode#9@2$(402,404, this)
0.002571;False;clear;org.jsoup.nodes.Node%setParentNode#9@4$(402,404, parentNode)
0.002571;True;clear;org.jsoup.nodes.Node%setParentNode#9@6$(402,(402,404), this.parentNode)
0.002571;False;clear;org.jsoup.nodes.Node%reparentChild#15@0$(456,458, this)
0.002571;True;clear;org.jsoup.nodes.Node%reparentChild#15@2$(456,(456,458), child)
0.002571;False;clear;org.jsoup.nodes.Node%reparentChild#15@3$(456,458, child)
0.002571;True;clear;org.jsoup.nodes.Node%reparentChild#15@6$(456,(456,458), child.parentNode)
0.002564;True;clear;org.jsoup.helper.Validate%notNull#1@1$(25,(25,27), obj)
0.002564;False;clear;org.jsoup.parser.CharacterReader%cacheString#25@2$(348,357, start)
0.002564;True;clear;org.jsoup.parser.CharacterReader%cacheString#25@6$(348,367, start)
0.002564;False;clear;org.jsoup.parser.CharacterReader%cacheString#25@9$(348,(352,356), count)
0.002564;False;clear;org.jsoup.parser.CharacterReader%cacheString#25@10$(348,(358,359), count)
0.002564;False;clear;org.jsoup.parser.CharacterReader%cacheString#25@11$(348,(358,363), count)
0.002564;True;clear;org.jsoup.parser.CharacterReader%cacheString#25@15$(348,367, count)
0.002564;True;clear;org.jsoup.parser.CharacterReader%cacheString#25@18$(348,367, val)
0.002564;False;clear;org.jsoup.parser.CharacterReader%cacheString#25@19$(348,359, val)
0.002564;False;clear;org.jsoup.parser.CharacterReader%cacheString#25@21$(349,363, cache)
0.002564;False;clear;org.jsoup.parser.CharacterReader%cacheString#25@22$(349,364, cache)
0.002564;True;clear;org.jsoup.parser.CharacterReader%cacheString#25@24$(349,368, cache)
0.002564;False;clear;org.jsoup.parser.CharacterReader%cacheString#25@26$(356,359, hash)
0.002564;False;clear;org.jsoup.parser.CharacterReader%cacheString#25@27$(357,359, offset)
0.002564;False;clear;org.jsoup.parser.CharacterReader%cacheString#25@28$(358,(358,359), i)
0.002564;False;clear;org.jsoup.parser.CharacterReader%cacheString#25@30$(358,358, i)
0.002564;False;clear;org.jsoup.parser.CharacterReader%cacheString#25@32$(359,363, hash)
0.002564;False;clear;org.jsoup.parser.CharacterReader%cacheString#25@35$(358,(358,363), i)
0.002564;True;clear;org.jsoup.parser.CharacterReader%cacheString#25@38$(363,368, index)
0.002564;True;clear;org.jsoup.parser.CharacterReader%cacheString#25@39$(364,(366,367), cached)
0.002564;True;clear;org.jsoup.parser.CharacterReader%cacheString#25@44$(367,377, cached)
0.002532;True;clear;org.jsoup.parser.Tag%valueOf#0@5$(54,60, tagName)
0.002532;True;clear;org.jsoup.parser.Tag%valueOf#0@6$(56,(58,60), tag)
0.002532;True;clear;org.jsoup.parser.Tag%valueOf#0@9$(60,65, tag)
0.002519;False;clear;org.jsoup.parser.Tag%valueOf#0@0$(50,54, tagName)
0.002519;False;clear;org.jsoup.parser.Tag%valueOf#0@1$(50,56, tags)
0.002519;False;clear;org.jsoup.parser.Tag%valueOf#0@2$(51,(53,54), tag)
0.002481;True;clear;org.jsoup.helper.Validate%notEmpty#7@3$(91,(91,93), string)
0.002475;False;clear;org.jsoup.helper.Validate%notEmpty#7@0$(91,(91,91), string)
0.002273;True;clear;org.jsoup.helper.Validate%notNull#0@1$(15,(15,17), obj)
