FAULT DETECTION ;Uncon;Status;DUAs; Version;145b
0.500000;True;clear;com.google.javascript.jscomp.CodeGenerator%isOneExactlyFunctionOrDo#3@2$(714,(714,714), n)
0.222222;True;clear;com.google.javascript.jscomp.CodeGenerator%addNonEmptyExpression#2@8$(652,(678,679), this)
0.222222;True;clear;com.google.javascript.jscomp.CodeGenerator%addNonEmptyExpression#2@56$(676,(678,679), firstAndOnlyChild)
0.166667;False;clear;com.google.javascript.jscomp.CodeGenerator%addNonEmptyExpression#2@4$(652,679, this)
0.166667;False;clear;com.google.javascript.jscomp.CodeGenerator%addNonEmptyExpression#2@5$(652,680, this)
0.166667;False;clear;com.google.javascript.jscomp.CodeGenerator%addNonEmptyExpression#2@6$(652,681, this)
0.166667;False;clear;com.google.javascript.jscomp.CodeGenerator%addNonEmptyExpression#2@7$(652,682, this)
0.166667;False;clear;com.google.javascript.jscomp.CodeGenerator%addNonEmptyExpression#2@19$(652,682, n)
0.166667;True;clear;com.google.javascript.jscomp.CodeGenerator%addNonEmptyExpression#2@25$(652,(682,682), context)
0.166667;False;clear;com.google.javascript.jscomp.CodeGenerator%addNonEmptyExpression#2@33$(652,679, this.cc)
0.166667;False;clear;com.google.javascript.jscomp.CodeGenerator%addNonEmptyExpression#2@34$(652,681, this.cc)
0.166667;False;clear;com.google.javascript.jscomp.CodeGenerator%addNonEmptyExpression#2@35$(652,682, this.cc)
0.166667;False;clear;com.google.javascript.jscomp.CodeGenerator%addNonEmptyExpression#2@41$(652,680, STATEMENT)
0.166667;True;clear;com.google.javascript.jscomp.CodeGenerator%addNonEmptyExpression#2@43$(652,(682,682), STATEMENT)
0.166667;False;clear;com.google.javascript.jscomp.CodeGenerator%addNonEmptyExpression#2@55$(676,680, firstAndOnlyChild)
0.142857;True;clear;com.google.javascript.jscomp.CodeGenerator%isOneExactlyFunctionOrDo#3@1$(714,(714,714), n)
0.100000;True;clear;com.google.javascript.jscomp.CodeGenerator%addNonEmptyExpression#2@16$(652,(660,691), n)
0.041667;False;clear;com.google.javascript.jscomp.CodeGenerator%add#1@51$(77,361, this)
0.041667;False;clear;com.google.javascript.jscomp.CodeGenerator%add#1@52$(77,362, this)
0.041667;False;clear;com.google.javascript.jscomp.CodeGenerator%add#1@53$(77,363, this)
0.041667;False;clear;com.google.javascript.jscomp.CodeGenerator%add#1@54$(77,364, this)
0.041667;False;clear;com.google.javascript.jscomp.CodeGenerator%add#1@55$(77,365, this)
0.041667;False;clear;com.google.javascript.jscomp.CodeGenerator%add#1@56$(77,366, this)
0.041667;False;clear;com.google.javascript.jscomp.CodeGenerator%add#1@239$(77,366, this.cc)
0.041667;False;clear;com.google.javascript.jscomp.CodeGenerator%add#1@278$(77,362, OTHER)
0.041667;False;clear;com.google.javascript.jscomp.CodeGenerator%add#1@313$(81,(118,360), type)
0.041667;True;clear;com.google.javascript.jscomp.CodeGenerator%add#1@374$(83,(360,360), childCount)
0.041667;False;clear;com.google.javascript.jscomp.CodeGenerator%add#1@459$(84,362, first)
0.041667;False;clear;com.google.javascript.jscomp.CodeGenerator%add#1@529$(85,364, last)
0.040000;True;clear;com.google.javascript.jscomp.CodeGenerator%addNonEmptyExpression#2@29$(652,(654,660), allowNonBlockChild)
0.040000;False;clear;com.google.javascript.jscomp.CodeGenerator%add#1@3$(77,183, this)
0.040000;True;clear;com.google.javascript.jscomp.CodeGenerator%add#1@9$(77,625, this)
0.040000;True;clear;com.google.javascript.jscomp.CodeGenerator%add#1@10$(77,626, this)
0.040000;True;clear;com.google.javascript.jscomp.CodeGenerator%add#1@11$(77,627, this)
0.040000;True;clear;com.google.javascript.jscomp.CodeGenerator%add#1@173$(77,(182,182), n)
0.040000;False;clear;com.google.javascript.jscomp.CodeGenerator%add#1@175$(77,183, n)
0.040000;True;clear;com.google.javascript.jscomp.CodeGenerator%add#1@196$(77,627, context)
0.040000;False;clear;com.google.javascript.jscomp.CodeGenerator%add#1@322$(81,(118,621), type)
0.040000;False;clear;com.google.javascript.jscomp.CodeGenerator%add#1@326$(81,(118,182), type)
0.040000;True;clear;com.google.javascript.jscomp.CodeGenerator%add#1@354$(83,(621,621), childCount)
0.040000;True;clear;com.google.javascript.jscomp.CodeGenerator%add#1@435$(84,(622,625), first)
0.040000;True;clear;com.google.javascript.jscomp.CodeGenerator%add#1@436$(84,625, first)
0.040000;True;clear;com.google.javascript.jscomp.CodeGenerator%add#1@524$(85,627, last)
0.024390;True;clear;com.google.javascript.jscomp.parsing.TypeSafeDispatcher%process#0@15$(120,197, this)
0.024390;True;clear;com.google.javascript.jscomp.parsing.TypeSafeDispatcher%process#0@68$(120,(120,197), node)
0.024390;True;clear;com.google.javascript.jscomp.parsing.TypeSafeDispatcher%process#0@115$(120,197, node)
0.023529;True;clear;com.google.javascript.jscomp.CodeGenerator%add#1@77$(77,468, this)
0.023529;True;clear;com.google.javascript.jscomp.CodeGenerator%add#1@78$(77,470, this)
0.023529;True;clear;com.google.javascript.jscomp.CodeGenerator%add#1@79$(77,471, this)
0.023529;True;clear;com.google.javascript.jscomp.CodeGenerator%add#1@210$(77,471, context)
0.023529;True;clear;com.google.javascript.jscomp.CodeGenerator%add#1@282$(77,468, BEFORE_DANGLING_ELSE)
0.023529;True;clear;com.google.javascript.jscomp.CodeGenerator%add#1@382$(83,(456,456), childCount)
0.023529;True;clear;com.google.javascript.jscomp.CodeGenerator%add#1@467$(84,468, first)
0.023529;True;clear;com.google.javascript.jscomp.CodeGenerator%add#1@532$(85,471, last)
0.023529;True;clear;com.google.javascript.jscomp.CodeGenerator%add#1@594$(456,(467,468), hasElse)
0.020000;False;clear;com.google.javascript.jscomp.CodeGenerator%addNonEmptyExpression#2@47$(652,(691,694), nodeToProcess)
0.020000;False;clear;com.google.javascript.jscomp.CodeGenerator%addNonEmptyExpression#2@48$(652,694, nodeToProcess)
0.020000;True;clear;com.google.javascript.jscomp.CodeGenerator%addNonEmptyExpression#2@50$(652,(698,702), nodeToProcess)
0.017857;False;clear;com.google.javascript.jscomp.parsing.IRFactory$TransformDispatcher%processLabeledStatement#12@0$(604,621, this)
0.017857;False;clear;com.google.javascript.jscomp.parsing.IRFactory$TransformDispatcher%processLabeledStatement#12@1$(604,611, this)
0.017857;False;clear;com.google.javascript.jscomp.parsing.IRFactory$TransformDispatcher%processLabeledStatement#12@2$(604,614, this)
0.017857;False;clear;com.google.javascript.jscomp.parsing.IRFactory$TransformDispatcher%processLabeledStatement#12@3$(604,621, statementNode)
0.017857;False;clear;com.google.javascript.jscomp.parsing.IRFactory$TransformDispatcher%processLabeledStatement#12@4$(604,621, this.this$0)
0.017857;False;clear;com.google.javascript.jscomp.parsing.IRFactory$TransformDispatcher%processLabeledStatement#12@5$(604,611, this.this$0)
0.017857;False;clear;com.google.javascript.jscomp.parsing.IRFactory$TransformDispatcher%processLabeledStatement#12@6$(604,614, this.this$0)
0.017857;False;clear;com.google.javascript.jscomp.parsing.IRFactory$TransformDispatcher%processLabeledStatement#12@7$(604,622, node)
0.017857;True;clear;com.google.javascript.jscomp.parsing.IRFactory$TransformDispatcher%processLabeledStatement#12@10$(605,(608,611), prev)
0.017857;False;clear;com.google.javascript.jscomp.parsing.IRFactory$TransformDispatcher%processLabeledStatement#12@12$(606,611, cur)
0.017857;False;clear;com.google.javascript.jscomp.parsing.IRFactory$TransformDispatcher%processLabeledStatement#12@13$(606,613, cur)
0.017857;False;clear;com.google.javascript.jscomp.parsing.IRFactory$TransformDispatcher%processLabeledStatement#12@14$(606,616, cur)
0.017857;False;clear;com.google.javascript.jscomp.parsing.IRFactory$TransformDispatcher%processLabeledStatement#12@15$(606,618, cur)
0.017857;False;clear;com.google.javascript.jscomp.parsing.IRFactory$TransformDispatcher%processLabeledStatement#12@17$(607,(607,607), i$)
0.017857;False;clear;com.google.javascript.jscomp.parsing.IRFactory$TransformDispatcher%processLabeledStatement#12@18$(607,(607,621), i$)
0.017857;False;clear;com.google.javascript.jscomp.parsing.IRFactory$TransformDispatcher%processLabeledStatement#12@19$(607,607, i$)
0.017857;False;clear;com.google.javascript.jscomp.parsing.IRFactory$TransformDispatcher%processLabeledStatement#12@20$(607,611, label)
0.017857;False;clear;com.google.javascript.jscomp.parsing.IRFactory$TransformDispatcher%processLabeledStatement#12@21$(607,613, label)
0.017857;False;clear;com.google.javascript.jscomp.parsing.IRFactory$TransformDispatcher%processLabeledStatement#12@22$(607,614, label)
0.017857;False;clear;com.google.javascript.jscomp.parsing.IRFactory$TransformDispatcher%processLabeledStatement#12@23$(618,621, prev)
0.017857;True;clear;com.google.javascript.jscomp.parsing.TypeSafeDispatcher%process#0@1$(120,205, this)
0.017857;True;clear;com.google.javascript.jscomp.parsing.TypeSafeDispatcher%process#0@3$(120,240, this)
0.017857;True;clear;com.google.javascript.jscomp.parsing.TypeSafeDispatcher%process#0@77$(120,(120,240), node)
0.017857;False;clear;com.google.javascript.jscomp.parsing.TypeSafeDispatcher%process#0@82$(120,(202,204), node)
0.017857;True;clear;com.google.javascript.jscomp.parsing.TypeSafeDispatcher%process#0@83$(120,(204,205), node)
0.017857;True;clear;com.google.javascript.jscomp.parsing.TypeSafeDispatcher%process#0@86$(120,205, node)
0.017857;True;clear;com.google.javascript.jscomp.parsing.TypeSafeDispatcher%process#0@88$(120,240, node)
0.013333;True;clear;com.google.javascript.jscomp.parsing.IRFactory$TransformDispatcher%processIfStatement#11@0$(566,570, this)
0.013333;True;clear;com.google.javascript.jscomp.parsing.IRFactory$TransformDispatcher%processIfStatement#11@1$(566,(569,570), statementNode)
0.013333;True;clear;com.google.javascript.jscomp.parsing.IRFactory$TransformDispatcher%processIfStatement#11@3$(566,570, statementNode)
0.013333;True;clear;com.google.javascript.jscomp.parsing.IRFactory$TransformDispatcher%processIfStatement#11@4$(566,570, this.this$0)
0.013333;True;clear;com.google.javascript.jscomp.parsing.IRFactory$TransformDispatcher%processIfStatement#11@6$(566,570, node)
0.010989;False;clear;com.google.javascript.jscomp.CodeGenerator%add#1@75$(77,474, this)
0.010989;False;clear;com.google.javascript.jscomp.CodeGenerator%add#1@279$(77,474, OTHER)
0.010989;True;clear;com.google.javascript.jscomp.CodeGenerator%add#1@383$(83,(456,456), childCount)
0.010989;True;clear;com.google.javascript.jscomp.CodeGenerator%add#1@384$(83,(475,475), childCount)
0.010989;False;clear;com.google.javascript.jscomp.CodeGenerator%add#1@466$(84,474, first)
0.010989;False;clear;com.google.javascript.jscomp.CodeGenerator%add#1@595$(456,(467,474), hasElse)
0.009950;True;clear;com.google.javascript.jscomp.CodeGenerator%addNonEmptyExpression#2@65$(686,(698,702), nodeToProcess)
0.008969;False;clear;com.google.javascript.jscomp.CodeGenerator%isOneExactlyFunctionOrDo#3@0$(714,(714,714), n)
0.008969;True;clear;com.google.javascript.jscomp.CodeGenerator%isOneExactlyFunctionOrDo#3@3$(714,(714,714), n)
0.008969;False;clear;com.google.javascript.jscomp.CodeGenerator%addNonEmptyExpression#2@9$(652,(678,686), this)
0.008969;False;clear;com.google.javascript.jscomp.CodeGenerator%addNonEmptyExpression#2@57$(676,(678,686), firstAndOnlyChild)
0.008969;False;clear;com.google.javascript.jscomp.CodeGenerator%addNonEmptyExpression#2@58$(676,686, firstAndOnlyChild)
0.008969;False;clear;com.google.javascript.jscomp.CodeGenerator%addNonEmptyExpression#2@62$(686,(691,694), nodeToProcess)
0.008969;False;clear;com.google.javascript.jscomp.CodeGenerator%addNonEmptyExpression#2@63$(686,694, nodeToProcess)
0.008811;True;clear;com.google.javascript.jscomp.CodeGenerator%getContextForNonEmptyExpression#13@1$(986,(986,986), currentContext)
0.008811;True;clear;com.google.javascript.jscomp.CodeGenerator%getContextForNonEmptyExpression#13@3$(986,(986,986), BEFORE_DANGLING_ELSE)
0.008811;False;clear;com.google.javascript.jscomp.CodeGenerator%getContextForNonEmptyExpression#13@4$(986,986, BEFORE_DANGLING_ELSE)
0.008811;False;clear;com.google.javascript.jscomp.CodeGenerator%getContextForNonEmptyExpression#13@5$(986,986, OTHER)
0.008772;False;clear;com.google.javascript.jscomp.CodeGenerator%addNonEmptyExpression#2@59$(677,(678,678), alwaysWrapInBlock)
0.008658;False;clear;com.google.javascript.jscomp.CodeGenerator%addNonEmptyExpression#2@3$(652,677, this)
0.008658;False;clear;com.google.javascript.jscomp.CodeGenerator%addNonEmptyExpression#2@18$(652,676, n)
0.008658;False;clear;com.google.javascript.jscomp.CodeGenerator%addNonEmptyExpression#2@32$(652,677, this.cc)
0.008658;False;clear;com.google.javascript.jscomp.CodeGenerator%addNonEmptyExpression#2@53$(661,(672,676), count)
0.008658;False;clear;com.google.javascript.jscomp.CodeGenerator%getFirstNonEmptyChild#12@0$(962,(962,963), c)
0.008658;True;clear;com.google.javascript.jscomp.CodeGenerator%getFirstNonEmptyChild#12@2$(962,(963,964), c)
0.008658;True;clear;com.google.javascript.jscomp.CodeGenerator%getFirstNonEmptyChild#12@5$(962,964, c)
0.008439;True;clear;com.google.javascript.jscomp.parsing.IRFactory%transformBlock#1@4$(170,(172,176), irNode)
0.008439;True;clear;com.google.javascript.jscomp.parsing.IRFactory%transformBlock#1@5$(170,176, irNode)
0.008439;True;clear;com.google.javascript.jscomp.parsing.IRFactory%transformBlock#1@8$(178,181, irNode)
0.008333;False;clear;com.google.javascript.jscomp.CodeGenerator%add#1@72$(77,463, this)
0.008333;False;clear;com.google.javascript.jscomp.CodeGenerator%add#1@73$(77,464, this)
0.008333;False;clear;com.google.javascript.jscomp.CodeGenerator%add#1@74$(77,465, this)
0.008333;True;clear;com.google.javascript.jscomp.CodeGenerator%add#1@209$(77,(457,457), context)
0.008333;True;clear;com.google.javascript.jscomp.CodeGenerator%add#1@281$(77,(457,457), BEFORE_DANGLING_ELSE)
0.008333;False;clear;com.google.javascript.jscomp.CodeGenerator%add#1@308$(81,(118,456), type)
0.008333;False;clear;com.google.javascript.jscomp.CodeGenerator%add#1@465$(84,464, first)
0.008333;True;clear;com.google.javascript.jscomp.CodeGenerator%add#1@599$(457,(459,463), ambiguousElseClause)
0.008333;True;clear;com.google.javascript.jscomp.CodeGenerator%add#1@601$(457,(478,640), ambiguousElseClause)
0.007463;False;clear;com.google.javascript.jscomp.CodeGenerator%addNonEmptyExpression#2@0$(652,694, this)
0.007463;False;clear;com.google.javascript.jscomp.CodeGenerator%addNonEmptyExpression#2@23$(652,694, context)
0.007407;True;clear;com.google.javascript.jscomp.CodeGenerator%getNonEmptyChildCount#11@16$(952,(952,957), c)
0.007326;False;clear;com.google.javascript.jscomp.CodeGenerator%addNonEmptyExpression#2@52$(661,(662,672), count)
0.007326;False;clear;com.google.javascript.jscomp.CodeGenerator%getNonEmptyChildCount#11@0$(950,(952,953), maxCount)
0.007326;False;clear;com.google.javascript.jscomp.CodeGenerator%getNonEmptyChildCount#11@3$(950,(952,953), i)
0.007326;False;clear;com.google.javascript.jscomp.CodeGenerator%getNonEmptyChildCount#11@5$(950,954, i)
0.007326;False;clear;com.google.javascript.jscomp.CodeGenerator%getNonEmptyChildCount#11@6$(951,(952,952), c)
0.007326;True;clear;com.google.javascript.jscomp.CodeGenerator%getNonEmptyChildCount#11@8$(951,(953,954), c)
0.007326;False;clear;com.google.javascript.jscomp.CodeGenerator%getNonEmptyChildCount#11@10$(951,952, c)
0.007326;False;clear;com.google.javascript.jscomp.CodeGenerator%getNonEmptyChildCount#11@11$(954,957, i)
0.006944;False;clear;com.google.javascript.jscomp.parsing.IRFactory%transformBlock#1@0$(170,(171,172), irNode)
0.006579;True;clear;com.google.javascript.rhino.Node%tokenToName#52@46$(1463,(1463,1507), token)
0.006006;True;clear;com.google.javascript.jscomp.CodeGenerator%addNonEmptyExpression#2@22$(652,(654,660), n)
0.006006;False;clear;com.google.javascript.jscomp.CodeGenerator%addNonEmptyExpression#2@28$(652,(654,654), allowNonBlockChild)
0.005780;False;clear;com.google.javascript.jscomp.CodeGenerator%addNonEmptyExpression#2@15$(652,(660,661), n)
0.005780;False;clear;com.google.javascript.jscomp.CodeGenerator%addNonEmptyExpression#2@17$(652,661, n)
0.005464;True;clear;com.google.javascript.jscomp.parsing.IRFactory$TransformDispatcher%processIfStatement#11@2$(566,(569,572), statementNode)
0.004228;False;clear;com.google.javascript.jscomp.parsing.IRFactory$TransformDispatcher%processIfStatement#11@5$(566,572, node)
0.004228;True;clear;com.google.javascript.jscomp.parsing.TypeSafeDispatcher%process#0@19$(120,238, this)
0.004228;True;clear;com.google.javascript.jscomp.parsing.TypeSafeDispatcher%process#0@64$(120,(120,238), node)
0.004228;True;clear;com.google.javascript.jscomp.parsing.TypeSafeDispatcher%process#0@119$(120,238, node)
0.003922;True;clear;com.google.javascript.jscomp.Compiler%initCompilerOptionsIfTesting#29@0$(1144,(1144,1147), this)
0.003922;True;clear;com.google.javascript.jscomp.Compiler%initCompilerOptionsIfTesting#29@2$(1144,1147, this)
0.003922;True;clear;com.google.javascript.jscomp.Compiler%initCompilerOptionsIfTesting#29@3$(1144,(1144,1147), this.options)
0.003831;True;clear;com.google.javascript.jscomp.parsing.IRFactory%transformBlock#1@1$(170,(171,181), irNode)
0.003401;False;clear;com.google.javascript.jscomp.parsing.IRFactory%transformBlock#1@2$(170,181, irNode)
0.003289;True;clear;com.google.javascript.jscomp.Compiler%parseTestCode#30@0$(1158,(1161,1162), this)
0.003289;True;clear;com.google.javascript.jscomp.Compiler%parseTestCode#30@4$(1158,1162, this)
0.003289;True;clear;com.google.javascript.jscomp.Compiler%parseTestCode#30@5$(1158,(1161,1162), this.inputsByName)
0.003289;True;clear;com.google.javascript.jscomp.Compiler%parseTestCode#30@10$(1162,1164, this.inputsByName)
0.003247;False;clear;com.google.javascript.jscomp.Compiler%parseTestCode#30@2$(1158,1164, this)
0.003247;False;clear;com.google.javascript.jscomp.Compiler%parseTestCode#30@3$(1158,1165, this)
0.003247;False;clear;com.google.javascript.jscomp.Compiler%parseTestCode#30@8$(1159,1164, input)
0.003247;False;clear;com.google.javascript.jscomp.Compiler%parseTestCode#30@9$(1159,1165, input)
0.003044;True;clear;com.google.javascript.jscomp.parsing.TypeSafeDispatcher%process#0@4$(120,175, this)
0.003044;False;clear;com.google.javascript.jscomp.parsing.TypeSafeDispatcher%process#0@90$(120,(172,174), node)
0.003044;True;clear;com.google.javascript.jscomp.parsing.TypeSafeDispatcher%process#0@91$(120,(174,175), node)
0.003044;True;clear;com.google.javascript.jscomp.parsing.TypeSafeDispatcher%process#0@94$(120,175, node)
0.002950;True;clear;com.google.javascript.jscomp.CodeConsumer%add#5@4$(211,(213,214), newcode)
0.002946;True;clear;com.google.javascript.jscomp.NodeUtil%isLatin#60@6$(1617,(1617,1623), index)
0.002882;True;clear;com.google.javascript.jscomp.parsing.IRFactory%transformTokenType#5@46$(867,(867,959), token)
0.002710;True;clear;com.google.javascript.jscomp.CodeGenerator%add#1@161$(77,167, this)
0.002710;True;clear;com.google.javascript.jscomp.CodeGenerator%add#1@426$(83,(166,167), childCount)
0.002710;True;clear;com.google.javascript.jscomp.CodeGenerator%add#1@520$(84,167, first)
0.002584;False;clear;com.google.javascript.jscomp.CodeGenerator%add#1@159$(77,165, this)
0.002584;False;clear;com.google.javascript.jscomp.CodeGenerator%add#1@160$(77,171, this)
0.002584;False;clear;com.google.javascript.jscomp.CodeGenerator%add#1@254$(77,171, this.cc)
0.002584;False;clear;com.google.javascript.jscomp.CodeGenerator%add#1@284$(81,(118,165), type)
0.002430;True;clear;com.google.javascript.jscomp.CodeGenerator%add#1@575$(308,(316,317), c)
0.002326;False;clear;com.google.javascript.jscomp.CodeGenerator%add#1@128$(77,488, this)
0.002326;False;clear;com.google.javascript.jscomp.CodeGenerator%add#1@295$(81,(118,487), type)
0.002326;False;clear;com.google.javascript.jscomp.CodeGenerator%add#1@333$(81,488, type)
0.002326;True;clear;com.google.javascript.jscomp.CodeGenerator%add#1@408$(83,(487,487), childCount)
0.002139;True;clear;com.google.javascript.jscomp.CodeGenerator%add#1@505$(84,(443,448), first)
0.002132;False;clear;com.google.javascript.jscomp.CodeGenerator%add#1@500$(84,(443,443), first)
0.002006;False;clear;com.google.javascript.jscomp.CodeGenerator%add#1@15$(77,317, this)
0.002006;False;clear;com.google.javascript.jscomp.CodeGenerator%add#1@234$(77,317, this.cc)
0.002002;True;clear;com.google.javascript.jscomp.CodeConsumer%endFunction#4@0$(197,199, this)
0.002002;True;clear;com.google.javascript.jscomp.CodeConsumer%endFunction#4@1$(197,(198,199), statementContext)
0.002002;True;clear;com.google.javascript.jscomp.CodeGenerator%add#1@213$(77,(291,291), context)
0.002002;True;clear;com.google.javascript.jscomp.CodeGenerator%add#1@274$(77,(291,291), STATEMENT)
0.001693;True;clear;com.google.javascript.jscomp.CodeConsumer%add#5@0$(211,(218,222), this)
0.001693;True;clear;com.google.javascript.jscomp.CodeConsumer%add#5@3$(211,222, this)
0.001572;False;clear;com.google.javascript.jscomp.CodeGenerator%add#1@136$(77,448, this)
0.001572;False;clear;com.google.javascript.jscomp.CodeGenerator%add#1@137$(77,450, this)
0.001572;False;clear;com.google.javascript.jscomp.CodeGenerator%add#1@138$(77,451, this)
0.001572;False;clear;com.google.javascript.jscomp.CodeGenerator%add#1@139$(77,452, this)
0.001572;False;clear;com.google.javascript.jscomp.CodeGenerator%add#1@221$(77,448, context)
0.001572;False;clear;com.google.javascript.jscomp.CodeGenerator%add#1@291$(81,(118,443), type)
0.001572;False;clear;com.google.javascript.jscomp.CodeGenerator%add#1@334$(81,448, type)
0.001572;False;clear;com.google.javascript.jscomp.CodeGenerator%add#1@502$(84,448, first)
0.001572;False;clear;com.google.javascript.jscomp.CodeGenerator%add#1@503$(84,451, first)
0.001473;True;clear;com.google.javascript.jscomp.CodePrinter$CompactCodePrinter%maybeLineBreak#2@4$(482,(493,499), this)
0.001473;True;clear;com.google.javascript.jscomp.CodePrinter$CompactCodePrinter%maybeLineBreak#2@19$(482,(493,499), this.preferredBreakPosition)
0.001473;True;clear;com.google.javascript.jscomp.CodePrinter$CompactCodePrinter%maybeLineBreak#2@21$(492,(493,499), len)
0.001438;True;clear;com.google.javascript.jscomp.CodeGenerator%add#1@212$(77,(281,281), context)
0.001438;True;clear;com.google.javascript.jscomp.CodeGenerator%add#1@266$(77,(281,281), START_OF_EXPR)
0.001438;True;clear;com.google.javascript.jscomp.CodeGenerator%add#1@563$(281,(282,286), funcNeedsParens)
0.001438;True;clear;com.google.javascript.jscomp.CodeGenerator%add#1@565$(281,(293,640), funcNeedsParens)
0.001417;False;clear;com.google.javascript.jscomp.CodeGenerator%add#1@81$(77,286, this)
0.001417;False;clear;com.google.javascript.jscomp.CodeGenerator%add#1@82$(77,287, this)
0.001417;False;clear;com.google.javascript.jscomp.CodeGenerator%add#1@83$(77,289, this)
0.001417;False;clear;com.google.javascript.jscomp.CodeGenerator%add#1@84$(77,290, this)
0.001417;False;clear;com.google.javascript.jscomp.CodeGenerator%add#1@85$(77,291, this)
0.001417;True;clear;com.google.javascript.jscomp.CodeGenerator%add#1@98$(77,210, this)
0.001417;True;clear;com.google.javascript.jscomp.CodeGenerator%add#1@99$(77,211, this)
0.001417;True;clear;com.google.javascript.jscomp.CodeGenerator%add#1@100$(77,212, this)
0.001417;False;clear;com.google.javascript.jscomp.CodeGenerator%add#1@185$(77,(277,280), n)
0.001417;False;clear;com.google.javascript.jscomp.CodeGenerator%add#1@244$(77,291, this.cc)
0.001417;False;clear;com.google.javascript.jscomp.CodeGenerator%add#1@259$(77,290, PRESERVE_BLOCK)
0.001417;True;clear;com.google.javascript.jscomp.CodeGenerator%add#1@303$(81,(118,210), type)
0.001417;False;clear;com.google.javascript.jscomp.CodeGenerator%add#1@307$(81,(118,277), type)
0.001417;True;clear;com.google.javascript.jscomp.CodeGenerator%add#1@386$(83,(280,280), childCount)
0.001417;False;clear;com.google.javascript.jscomp.CodeGenerator%add#1@468$(84,287, first)
0.001417;False;clear;com.google.javascript.jscomp.CodeGenerator%add#1@469$(84,289, first)
0.001417;True;clear;com.google.javascript.jscomp.CodeGenerator%add#1@475$(84,211, first)
0.001417;False;clear;com.google.javascript.jscomp.CodeGenerator%add#1@533$(85,290, last)
0.001401;True;clear;com.google.javascript.jscomp.CodeGenerator%add#1@200$(77,(303,303), context)
0.001401;True;clear;com.google.javascript.jscomp.CodeGenerator%add#1@257$(77,(303,303), PRESERVE_BLOCK)
0.001364;True;clear;com.google.javascript.jscomp.CodeGenerator%add#1@198$(77,(327,327), context)
0.001364;True;clear;com.google.javascript.jscomp.CodeGenerator%add#1@270$(77,(327,327), STATEMENT)
0.001361;True;clear;com.google.javascript.jscomp.CodeConsumer%endBlock#1@3$(145,(146,149), shouldEndLine)
0.001358;True;clear;com.google.javascript.jscomp.CodeGenerator%addList#5@12$(756,(756,765), n)
0.001355;True;clear;com.google.javascript.jscomp.CodeConsumer%endFunction#4@2$(197,(198,201), statementContext)
0.001355;True;clear;com.google.javascript.jscomp.CodeGenerator%add#1@214$(77,(291,291), context)
0.001355;True;clear;com.google.javascript.jscomp.CodeGenerator%add#1@275$(77,(291,291), STATEMENT)
0.001334;True;clear;com.google.javascript.jscomp.CodeConsumer%beginBlock#0@1$(130,(130,134), this)
0.001334;True;clear;com.google.javascript.jscomp.CodeConsumer%beginBlock#0@8$(130,(130,134), this.statementNeedsEnded)
0.001328;False;clear;com.google.javascript.jscomp.CodeGenerator%add#1@12$(77,327, this)
0.001328;True;clear;com.google.javascript.jscomp.CodeGenerator%add#1@17$(77,306, this)
0.001328;False;clear;com.google.javascript.jscomp.CodeGenerator%add#1@181$(77,327, n)
0.001328;False;clear;com.google.javascript.jscomp.CodeGenerator%add#1@232$(77,327, this.cc)
0.001328;True;clear;com.google.javascript.jscomp.CodeGenerator%add#1@236$(77,306, this.cc)
0.001328;True;clear;com.google.javascript.jscomp.CodeGenerator%add#1@566$(303,(305,306), stripBlock)
0.001328;False;clear;com.google.javascript.jscomp.CodeGenerator%add#1@568$(303,(326,327), stripBlock)
0.001318;False;clear;com.google.javascript.jscomp.CodeConsumer%endBlock#1@0$(145,149, this)
0.001318;False;clear;com.google.javascript.jscomp.CodeConsumer%beginBlock#0@2$(130,134, this)
0.001318;False;clear;com.google.javascript.jscomp.CodeConsumer%beginBlock#0@3$(130,136, this)
0.001318;False;clear;com.google.javascript.jscomp.CodeConsumer%beginBlock#0@4$(130,137, this)
0.001304;False;clear;com.google.javascript.jscomp.CodeGenerator%add#1@179$(77,(303,303), n)
0.001161;False;clear;com.google.javascript.jscomp.parsing.IRFactory$TransformDispatcher%processFunctionNode#10@5$(513,532, this)
0.001161;True;clear;com.google.javascript.jscomp.parsing.IRFactory$TransformDispatcher%processFunctionNode#10@8$(513,547, functionNode)
0.001161;False;clear;com.google.javascript.jscomp.parsing.IRFactory$TransformDispatcher%processFunctionNode#10@12$(513,526, functionNode)
0.001161;False;clear;com.google.javascript.jscomp.parsing.IRFactory$TransformDispatcher%processFunctionNode#10@13$(513,530, functionNode)
0.001161;False;clear;com.google.javascript.jscomp.parsing.IRFactory$TransformDispatcher%processFunctionNode#10@18$(513,532, this.this$0)
0.001161;False;clear;com.google.javascript.jscomp.parsing.IRFactory$TransformDispatcher%processFunctionNode#10@19$(513,(515,516), name)
0.001161;False;clear;com.google.javascript.jscomp.parsing.IRFactory$TransformDispatcher%processFunctionNode#10@24$(516,522, name)
0.001161;True;clear;com.google.javascript.jscomp.parsing.IRFactory$TransformDispatcher%processFunctionNode#10@25$(518,(523,526), isUnnamedFunction)
0.001161;False;clear;com.google.javascript.jscomp.parsing.IRFactory$TransformDispatcher%processFunctionNode#10@32$(522,526, newName)
0.001161;False;clear;com.google.javascript.jscomp.parsing.IRFactory$TransformDispatcher%processFunctionNode#10@33$(522,532, newName)
0.001161;True;clear;com.google.javascript.jscomp.parsing.IRFactory$TransformDispatcher%processFunctionNode#10@34$(536,547, lp)
0.001161;True;clear;com.google.javascript.jscomp.parsing.IRFactory$TransformDispatcher%processFunctionNode#10@40$(543,(544,547), fnName)
0.001136;True;clear;com.google.javascript.rhino.Node%mergeLineCharNo#37@1$(1138,(1138,1139), lineno)
0.001117;True;clear;com.google.javascript.jscomp.PrepareAst$PrepareAnnotations%visit#0@51$(171,(172,177), nString)
0.001115;False;clear;com.google.javascript.jscomp.NodeUtil%isLatin#60@11$(1617,(1617,1618), index)
0.001115;False;clear;com.google.javascript.jscomp.NodeUtil%isLatin#60@13$(1617,1618, index)
0.001115;True;clear;com.google.javascript.jscomp.NodeUtil%isLatin#60@14$(1617,1617, index)
0.001115;False;clear;com.google.javascript.jscomp.PrepareAst$PrepareAnnotations%visit#0@15$(158,(172,172), n)
0.001040;True;clear;com.google.javascript.jscomp.PrepareAst$PrepareAnnotations%visit#0@28$(158,(189,197), parent)
0.001036;False;clear;com.google.javascript.jscomp.CodeGenerator%add#1@7$(77,528, this)
0.001036;False;clear;com.google.javascript.jscomp.CodeGenerator%add#1@8$(77,529, this)
0.001036;False;clear;com.google.javascript.jscomp.CodeGenerator%add#1@231$(77,529, this.cc)
0.001036;False;clear;com.google.javascript.jscomp.CodeGenerator%add#1@264$(77,528, START_OF_EXPR)
0.001036;False;clear;com.google.javascript.jscomp.CodeGenerator%add#1@324$(81,(118,527), type)
0.001036;True;clear;com.google.javascript.jscomp.CodeGenerator%add#1@352$(83,(527,527), childCount)
0.001036;False;clear;com.google.javascript.jscomp.CodeGenerator%add#1@433$(84,528, first)
0.001029;True;clear;com.google.javascript.jscomp.parsing.TypeSafeDispatcher%process#0@30$(120,217, this)
0.001029;True;clear;com.google.javascript.jscomp.parsing.TypeSafeDispatcher%process#0@53$(120,(120,217), node)
0.001029;True;clear;com.google.javascript.jscomp.parsing.TypeSafeDispatcher%process#0@130$(120,217, node)
0.001026;True;clear;com.google.javascript.jscomp.CodePrinter$CompactCodePrinter%maybeLineBreak#2@1$(482,(482,492), this)
0.001026;True;clear;com.google.javascript.jscomp.CodePrinter$CompactCodePrinter%maybeLineBreak#2@13$(482,(482,492), this.lineBreak)
0.001025;False;clear;com.google.javascript.jscomp.CodePrinter$CompactCodePrinter%maybeLineBreak#2@2$(482,492, this)
0.001025;False;clear;com.google.javascript.jscomp.CodePrinter$CompactCodePrinter%maybeLineBreak#2@5$(482,499, this)
0.001025;False;clear;com.google.javascript.jscomp.CodePrinter$CompactCodePrinter%maybeLineBreak#2@16$(482,492, this.code)
0.000916;True;clear;com.google.javascript.jscomp.parsing.IRFactory$TransformDispatcher%processReturnStatement#15@0$(699,701, this)
0.000916;True;clear;com.google.javascript.jscomp.parsing.IRFactory$TransformDispatcher%processReturnStatement#15@1$(699,(700,701), statementNode)
0.000916;True;clear;com.google.javascript.jscomp.parsing.IRFactory$TransformDispatcher%processReturnStatement#15@3$(699,701, statementNode)
0.000916;True;clear;com.google.javascript.jscomp.parsing.IRFactory$TransformDispatcher%processReturnStatement#15@4$(699,701, this.this$0)
0.000916;True;clear;com.google.javascript.jscomp.parsing.IRFactory$TransformDispatcher%processReturnStatement#15@6$(699,701, node)
0.000912;False;clear;com.google.javascript.jscomp.CodeConsumer%add#5@8$(217,(218,218), c)
0.000912;True;clear;com.google.javascript.jscomp.CodeConsumer%add#5@11$(217,(218,225), c)
0.000912;True;clear;com.google.javascript.jscomp.CodePrinter$CompactCodePrinter%maybeCutLine#3@1$(508,(508,522), this)
0.000912;True;clear;com.google.javascript.jscomp.CodePrinter$CompactCodePrinter%maybeCutLine#3@14$(508,(508,522), this.lineLengthThreshold)
0.000912;True;clear;com.google.javascript.jscomp.CodePrinter$CompactCodePrinter%maybeCutLine#3@16$(508,(508,522), this.lineLength)
0.000886;False;clear;com.google.javascript.jscomp.CodeGenerator%add#1@131$(77,188, this)
0.000886;False;clear;com.google.javascript.jscomp.CodeGenerator%add#1@191$(77,188, n)
0.000886;True;clear;com.google.javascript.jscomp.CodeGenerator%add#1@493$(84,(187,188), first)
0.000876;True;clear;com.google.javascript.jscomp.CodeGenerator%addExpr#4@14$(735,(735,742), context)
0.000876;True;clear;com.google.javascript.jscomp.CodeGenerator%addExpr#4@17$(735,(735,742), IN_FOR_INIT_CLAUSE)
0.000876;True;clear;com.google.javascript.jscomp.CodePrinter$CompactCodePrinter%getLastChar#0@1$(440,(440,440), this)
0.000876;True;clear;com.google.javascript.jscomp.CodePrinter$CompactCodePrinter%getLastChar#0@4$(440,(440,440), this.code)
0.000875;True;clear;com.google.javascript.jscomp.CodePrinter$CompactCodePrinter%getLastChar#0@0$(440,(440,440), this)
0.000875;True;clear;com.google.javascript.jscomp.CodePrinter$CompactCodePrinter%getLastChar#0@3$(440,(440,440), this.code)
0.000872;True;clear;com.google.javascript.jscomp.NodeUtil%precedence#13@1$(660,(660,728), type)
0.000872;False;clear;com.google.javascript.jscomp.CodeGenerator%addExpr#4@3$(735,742, this)
0.000872;False;clear;com.google.javascript.jscomp.CodeGenerator%addExpr#4@4$(735,(735,735), n)
0.000872;False;clear;com.google.javascript.jscomp.CodeGenerator%addExpr#4@7$(735,742, n)
0.000872;False;clear;com.google.javascript.jscomp.CodeGenerator%addExpr#4@10$(735,(735,735), minPrecedence)
0.000872;False;clear;com.google.javascript.jscomp.CodeGenerator%addExpr#4@15$(735,742, context)
0.000864;False;clear;com.google.javascript.jscomp.CodeGenerator%add#1@292$(81,(118,187), type)
0.000862;False;clear;com.google.javascript.jscomp.parsing.IRFactory$TransformDispatcher%processReturnStatement#15@5$(699,703, node)
0.000862;True;clear;com.google.javascript.jscomp.parsing.TypeSafeDispatcher%process#0@40$(120,254, this)
0.000862;True;clear;com.google.javascript.jscomp.parsing.TypeSafeDispatcher%process#0@43$(120,(120,254), node)
0.000862;True;clear;com.google.javascript.jscomp.parsing.TypeSafeDispatcher%process#0@140$(120,254, node)
0.000860;True;clear;com.google.javascript.jscomp.CodeConsumer%endStatement#2@0$(168,(172,173), this)
0.000860;True;clear;com.google.javascript.jscomp.CodeConsumer%endStatement#2@2$(168,173, this)
0.000860;False;clear;com.google.javascript.jscomp.CodeConsumer%endStatement#2@7$(168,(168,172), needSemiColon)
0.000860;True;clear;com.google.javascript.jscomp.CodeConsumer%endStatement#2@8$(168,(172,173), this.statementStarted)
0.000858;True;clear;com.google.javascript.jscomp.Compiler%getCodingConvention#34@3$(1532,(1533,1533), convention)
0.000857;True;clear;com.google.javascript.jscomp.CodeGenerator%identifierEscape#10@0$(925,(925,926), s)
0.000857;True;clear;com.google.javascript.jscomp.CodeGenerator%identifierEscape#10@5$(925,926, s)
0.000857;False;clear;com.google.javascript.jscomp.CodePrinter$CompactCodePrinter%getLastChar#0@2$(440,440, this)
0.000857;False;clear;com.google.javascript.jscomp.CodePrinter$CompactCodePrinter%getLastChar#0@5$(440,440, this.code)
0.000855;False;clear;com.google.javascript.jscomp.NodeUtil%isLatin#60@0$(1615,1618, s)
0.000855;False;clear;com.google.javascript.jscomp.NodeUtil%isLatin#60@2$(1615,(1619,1617), LARGEST_BASIC_LATIN)
0.000855;False;clear;com.google.javascript.jscomp.NodeUtil%isLatin#60@3$(1616,(1617,1618), len)
0.000855;False;clear;com.google.javascript.jscomp.NodeUtil%isLatin#60@5$(1617,(1617,1618), index)
0.000855;False;clear;com.google.javascript.jscomp.NodeUtil%isLatin#60@7$(1617,1618, index)
0.000855;False;clear;com.google.javascript.jscomp.NodeUtil%isLatin#60@8$(1617,1617, index)
0.000855;False;clear;com.google.javascript.jscomp.NodeUtil%isLatin#60@10$(1618,(1619,1617), c)
0.000855;True;clear;com.google.javascript.jscomp.NodeUtil%isLatin#60@12$(1617,(1617,1623), index)
0.000855;True;clear;com.google.javascript.jscomp.CodeGenerator%add#1@14$(77,323, this)
0.000855;True;clear;com.google.javascript.jscomp.CodeGenerator%add#1@233$(77,323, this.cc)
0.000855;True;clear;com.google.javascript.jscomp.CodeGenerator%add#1@327$(81,(322,323), type)
0.000854;False;clear;com.google.javascript.jscomp.NodeUtil%isLatin#60@4$(1616,(1617,1623), len)
0.000853;False;clear;com.google.javascript.jscomp.PrepareAst$PrepareAnnotations%visit#0@26$(158,(186,189), parent)
0.000846;True;clear;com.google.javascript.jscomp.CodeConsumer%add#5@1$(211,(218,225), this)
0.000844;True;clear;com.google.javascript.jscomp.CodeConsumer%isWordChar#8@4$(291,(291,291), ch)
0.000843;True;clear;com.google.javascript.jscomp.CodeConsumer%add#5@9$(217,(218,218), c)
0.000842;False;clear;com.google.javascript.jscomp.CodeConsumer%add#5@2$(211,225, this)
0.000842;False;clear;com.google.javascript.jscomp.CodeConsumer%add#5@5$(211,(213,217), newcode)
0.000842;False;clear;com.google.javascript.jscomp.CodeConsumer%add#5@6$(211,217, newcode)
0.000842;False;clear;com.google.javascript.jscomp.CodeConsumer%add#5@7$(211,225, newcode)
0.000842;False;clear;com.google.javascript.jscomp.CodeConsumer%isWordChar#8@0$(291,(291,291), ch)
0.000842;False;clear;com.google.javascript.jscomp.CodeConsumer%isWordChar#8@2$(291,(291,291), ch)
0.000842;True;clear;com.google.javascript.jscomp.CodeConsumer%isWordChar#8@5$(291,(291,291), ch)
0.000842;True;clear;com.google.javascript.jscomp.CodeConsumer%maybeEndStatement#3@1$(183,(183,189), this)
0.000842;False;clear;com.google.javascript.jscomp.CodeConsumer%maybeEndStatement#3@2$(183,189, this)
0.000842;True;clear;com.google.javascript.jscomp.CodeConsumer%maybeEndStatement#3@8$(183,(183,189), this.statementNeedsEnded)
0.000840;True;clear;com.google.javascript.jscomp.CodeGenerator%add#1@574$(308,(312,316), c)
0.000839;True;clear;com.google.javascript.jscomp.CodeGenerator%add#1@328$(81,(322,308), type)
0.000831;True;clear;com.google.javascript.jscomp.parsing.IRFactory%transformTokenType#5@39$(867,(867,945), token)
0.000831;True;clear;com.google.javascript.jscomp.parsing.TypeSafeDispatcher%process#0@34$(120,185, this)
0.000831;True;clear;com.google.javascript.jscomp.parsing.TypeSafeDispatcher%process#0@49$(120,(120,185), node)
0.000831;True;clear;com.google.javascript.jscomp.parsing.TypeSafeDispatcher%process#0@134$(120,185, node)
0.000830;True;clear;com.google.javascript.jscomp.parsing.IRFactory$TransformDispatcher%processGeneric#0@0$(281,283, this)
0.000830;True;clear;com.google.javascript.jscomp.parsing.IRFactory$TransformDispatcher%processGeneric#0@1$(281,283, this.this$0)
0.000830;True;clear;com.google.javascript.jscomp.parsing.IRFactory$TransformDispatcher%processGeneric#0@3$(281,283, node)
0.000830;True;clear;com.google.javascript.jscomp.parsing.IRFactory$TransformDispatcher%processGeneric#0@4$(282,(282,282), i$)
0.000830;True;clear;com.google.javascript.jscomp.parsing.IRFactory$TransformDispatcher%processGeneric#0@6$(282,282, i$)
0.000825;True;clear;com.google.javascript.jscomp.CodePrinter%toSource#0@1$(640,(641,641), outputFormat)
0.000825;True;clear;com.google.javascript.jscomp.CodePrinter%toSource#0@5$(640,641, lineBreak)
0.000825;True;clear;com.google.javascript.jscomp.CodePrinter%toSource#0@7$(640,641, lineLengthThreshold)
0.000825;True;clear;com.google.javascript.jscomp.CodePrinter%toSource#0@13$(640,(641,641), COMPACT)
0.000825;True;clear;com.google.javascript.jscomp.CodePrinter%toSource#0@20$(640,641, createSourceMap)
0.000825;True;clear;com.google.javascript.jscomp.CodePrinter$Builder%build#0@5$(611,(616,616), this)
0.000825;True;clear;com.google.javascript.jscomp.CodePrinter$Builder%build#0@13$(611,(616,616), this.prettyPrint)
0.000824;True;clear;com.google.javascript.jscomp.CodePrinter%toSource#0@4$(640,(646,646), outputFormat)
0.000824;True;clear;com.google.javascript.jscomp.CodePrinter%toSource#0@11$(640,646, outputCharset)
0.000824;True;clear;com.google.javascript.jscomp.CodePrinter%toSource#0@16$(640,(646,646), TYPED)
0.000824;True;clear;com.google.javascript.jscomp.CodePrinter%toSource#0@21$(641,646, cp)
0.000824;False;clear;com.google.javascript.jscomp.CodePrinter$Builder%build#0@3$(611,(616,616), this)
0.000824;False;clear;com.google.javascript.jscomp.CodePrinter$Builder%build#0@11$(611,(616,616), this.outputTypes)
0.000818;True;clear;com.google.javascript.jscomp.CodeGenerator%add#1@180$(77,(303,303), n)
0.000816;True;clear;com.google.javascript.jscomp.CodeGenerator%add#1@576$(308,(316,322), c)
0.000815;True;clear;com.google.javascript.jscomp.CodePrinter%toSource#0@9$(640,(640,640), sourceMap)
0.000815;True;clear;com.google.javascript.jscomp.CodePrinter%toSource#0@19$(640,(654,658), createSourceMap)
0.000815;True;clear;com.google.javascript.jscomp.CodePrinter$MappedCodePrinter%<init>#0@3$(58,(60,60), createSrcMap)
0.000815;True;clear;com.google.javascript.jscomp.CodePrinter$MappedCodePrinter%<init>#0@5$(58,(61,61), createSrcMap)
0.000815;True;clear;com.google.javascript.jscomp.CodePrinter$MappedCodePrinter%startSourceMapping#1@1$(85,(85,100), this)
0.000815;True;clear;com.google.javascript.jscomp.CodePrinter$MappedCodePrinter%startSourceMapping#1@12$(85,(85,100), this.createSrcMap)
0.000815;True;clear;com.google.javascript.jscomp.CodePrinter$MappedCodePrinter%endSourceMapping#2@1$(108,(108,123), this)
0.000815;True;clear;com.google.javascript.jscomp.CodePrinter$MappedCodePrinter%endSourceMapping#2@12$(108,(108,123), this.createSrcMap)
0.000815;False;clear;com.google.javascript.jscomp.CodeGenerator%add#1@13$(77,309, this)
0.000815;False;clear;com.google.javascript.jscomp.CodeGenerator%add#1@271$(77,309, STATEMENT)
0.000815;True;clear;com.google.javascript.jscomp.CodeGenerator%add#1@567$(303,(305,308), stripBlock)
0.000815;True;clear;com.google.javascript.jscomp.CodeGenerator%add#1@569$(303,(326,640), stripBlock)
0.000815;False;clear;com.google.javascript.jscomp.CodeGenerator%add#1@570$(308,(308,309), c)
0.000815;False;clear;com.google.javascript.jscomp.CodeGenerator%add#1@572$(308,309, c)
0.000815;False;clear;com.google.javascript.jscomp.CodeGenerator%add#1@577$(308,308, c)
0.000815;False;clear;com.google.javascript.jscomp.CodeGenerator%add#1@579$(308,(308,326), c)
0.000813;False;clear;com.google.javascript.jscomp.CodeGenerator%add#1@178$(77,(300,303), n)
0.000813;False;clear;com.google.javascript.jscomp.CodeGenerator%add#1@321$(81,(118,300), type)
0.000813;False;clear;com.google.javascript.jscomp.CodeGenerator%add#1@437$(84,308, first)
0.000812;True;clear;com.google.javascript.jscomp.NodeUtil%opToStr#53@0$(1346,(1346,1388), operator)
0.000812;False;clear;com.google.javascript.jscomp.CodePrinter%toSource#0@0$(640,650, root)
0.000812;False;clear;com.google.javascript.jscomp.CodePrinter%toSource#0@22$(641,652, cp)
0.000812;False;clear;com.google.javascript.jscomp.CodePrinter%toSource#0@25$(652,658, code)
0.000812;False;clear;com.google.javascript.jscomp.CodePrinter$MappedCodePrinter%<init>#0@0$(58,60, this)
0.000812;False;clear;com.google.javascript.jscomp.CodePrinter$MappedCodePrinter%<init>#0@1$(58,61, this)
0.000812;False;clear;com.google.javascript.jscomp.CodeGenerator%add#1@1$(77,(77,81), this)
0.000812;False;clear;com.google.javascript.jscomp.CodeGenerator%add#1@2$(77,116, this)
0.000812;False;clear;com.google.javascript.jscomp.CodeGenerator%add#1@4$(77,640, this)
0.000812;False;clear;com.google.javascript.jscomp.CodeGenerator%add#1@168$(77,81, n)
0.000812;False;clear;com.google.javascript.jscomp.CodeGenerator%add#1@169$(77,83, n)
0.000812;False;clear;com.google.javascript.jscomp.CodeGenerator%add#1@170$(77,84, n)
0.000812;False;clear;com.google.javascript.jscomp.CodeGenerator%add#1@171$(77,85, n)
0.000812;False;clear;com.google.javascript.jscomp.CodeGenerator%add#1@172$(77,116, n)
0.000812;False;clear;com.google.javascript.jscomp.CodeGenerator%add#1@176$(77,640, n)
0.000812;False;clear;com.google.javascript.jscomp.CodeGenerator%add#1@227$(77,(77,81), this.cc)
0.000812;False;clear;com.google.javascript.jscomp.CodeGenerator%add#1@228$(77,116, this.cc)
0.000812;False;clear;com.google.javascript.jscomp.CodeGenerator%add#1@229$(77,640, this.cc)
0.000812;True;clear;com.google.javascript.jscomp.CodeGenerator%add#1@347$(82,(88,116), opstr)
0.000812;False;clear;com.google.javascript.jscomp.CodeGenerator%<init>#0@0$(47,54, this)
0.000812;True;clear;com.google.javascript.jscomp.CodeGenerator%<init>#0@3$(47,(49,54), outputCharset)
0.000812;False;clear;com.google.javascript.jscomp.CodePrinter$Builder%build#0@1$(611,(611,616), this)
0.000812;False;clear;com.google.javascript.jscomp.CodePrinter$Builder%build#0@6$(611,622, this)
0.000812;False;clear;com.google.javascript.jscomp.CodePrinter$Builder%build#0@8$(611,(611,616), this.root)
0.000812;False;clear;com.google.javascript.jscomp.CodePrinter$Builder%build#0@9$(611,622, this.root)
0.000812;False;clear;com.google.javascript.jscomp.CodePrinter$Builder%build#0@14$(611,616, COMPACT)
0.000812;False;clear;com.google.javascript.jscomp.CodePrinter$Builder%build#0@15$(611,616, PRETTY)
0.000812;False;clear;com.google.javascript.jscomp.CodePrinter$Builder%build#0@16$(611,622, this.lineBreak)
0.000812;False;clear;com.google.javascript.jscomp.CodePrinter$Builder%build#0@17$(611,622, this.lineLengthThreshold)
0.000812;False;clear;com.google.javascript.jscomp.CodePrinter$Builder%build#0@18$(611,622, this.sourceMap)
0.000812;False;clear;com.google.javascript.jscomp.CodePrinter$Builder%build#0@19$(611,622, this.outputCharset)
0.000727;False;clear;com.google.javascript.jscomp.parsing.IRFactory$TransformDispatcher%processFunctionCall#9@0$(499,507, this)
0.000727;False;clear;com.google.javascript.jscomp.parsing.IRFactory$TransformDispatcher%processFunctionCall#9@2$(499,505, callNode)
0.000727;False;clear;com.google.javascript.jscomp.parsing.IRFactory$TransformDispatcher%processFunctionCall#9@3$(499,506, callNode)
0.000727;False;clear;com.google.javascript.jscomp.parsing.IRFactory$TransformDispatcher%processFunctionCall#9@4$(499,507, this.this$0)
0.000727;False;clear;com.google.javascript.jscomp.parsing.IRFactory$TransformDispatcher%processFunctionCall#9@6$(499,506, node)
0.000727;False;clear;com.google.javascript.jscomp.parsing.IRFactory$TransformDispatcher%processFunctionCall#9@7$(499,507, node)
0.000727;False;clear;com.google.javascript.jscomp.parsing.IRFactory$TransformDispatcher%processFunctionCall#9@8$(499,508, node)
0.000727;False;clear;com.google.javascript.jscomp.parsing.IRFactory$TransformDispatcher%processFunctionCall#9@11$(501,(501,505), i$)
0.000725;True;clear;com.google.javascript.jscomp.PrepareAst$PrepareAnnotations%visit#0@64$(198,(199,214), arg)
0.000698;False;clear;com.google.javascript.jscomp.PrepareAst$PrepareAnnotations%visit#0@52$(183,(184,186), fnInfo)
0.000672;True;clear;com.google.javascript.rhino.Node%getChildCount#44@0$(1336,1340, c)
0.000672;True;clear;com.google.javascript.rhino.Node%getChildCount#44@3$(1337,(1337,1340), n)
0.000665;True;clear;com.google.javascript.rhino.Node%getBooleanProp#23@0$(791,(791,791), this)
0.000665;True;clear;com.google.javascript.rhino.Node%getBooleanProp#23@2$(791,(791,791), propType)
0.000664;True;clear;com.google.javascript.rhino.Node%getIntProp#24@1$(799,(800,803), item)
0.000664;True;clear;com.google.javascript.rhino.Node%getIntProp#24@2$(799,803, item)
0.000664;True;clear;com.google.javascript.rhino.Node%getIntProp#24@3$(799,803, item.intValue)
0.000623;True;clear;com.google.javascript.jscomp.CodeConsumer%maybeEndStatement#3@0$(183,(183,184), this)
0.000623;True;clear;com.google.javascript.jscomp.CodeConsumer%maybeEndStatement#3@3$(183,184, this)
0.000623;True;clear;com.google.javascript.jscomp.CodeConsumer%maybeEndStatement#3@4$(183,185, this)
0.000623;True;clear;com.google.javascript.jscomp.CodeConsumer%maybeEndStatement#3@5$(183,186, this)
0.000623;True;clear;com.google.javascript.jscomp.CodeConsumer%maybeEndStatement#3@6$(183,187, this)
0.000623;True;clear;com.google.javascript.jscomp.CodeConsumer%maybeEndStatement#3@7$(183,(183,184), this.statementNeedsEnded)
0.000597;True;clear;com.google.javascript.jscomp.parsing.IRFactory%transformTree#0@1$(125,(137,166), node)
0.000593;True;clear;com.google.javascript.jscomp.NodeUtil%isFunctionExpression#48@3$(1232,(1232,1232), n)
0.000593;True;clear;com.google.javascript.jscomp.NodeTraversal%traverseFunction#10@19$(484,(489,489), n)
0.000582;True;clear;com.google.javascript.jscomp.NodeUtil%isStatement#36@3$(1051,(1056,1060), parent)
0.000569;True;clear;com.google.javascript.jscomp.NodeTraversal%traverseFunction#10@6$(484,494, this)
0.000569;True;clear;com.google.javascript.jscomp.NodeTraversal%traverseFunction#10@17$(484,494, n)
0.000569;True;clear;com.google.javascript.jscomp.NodeTraversal%traverseFunction#10@24$(487,494, fnName)
0.000569;True;clear;com.google.javascript.jscomp.NodeTraversal%traverseFunction#10@25$(489,(492,494), isFunctionExpression)
0.000569;True;clear;com.google.javascript.jscomp.NodeTraversal%traverseFunction#10@28$(489,(500,506), isFunctionExpression)
0.000514;False;clear;com.google.javascript.jscomp.NodeUtil%isFunctionExpression#48@0$(1232,(1232,1232), n)
0.000514;False;clear;com.google.javascript.jscomp.NodeTraversal%traverseFunction#10@0$(484,497, this)
0.000514;False;clear;com.google.javascript.jscomp.NodeTraversal%traverseFunction#10@1$(484,498, this)
0.000514;False;clear;com.google.javascript.jscomp.NodeTraversal%traverseFunction#10@2$(484,510, this)
0.000514;False;clear;com.google.javascript.jscomp.NodeTraversal%traverseFunction#10@3$(484,515, this)
0.000514;False;clear;com.google.javascript.jscomp.NodeTraversal%traverseFunction#10@4$(484,517, this)
0.000514;True;clear;com.google.javascript.jscomp.NodeTraversal%traverseFunction#10@7$(484,(484,484), n)
0.000514;True;clear;com.google.javascript.jscomp.NodeTraversal%traverseFunction#10@9$(484,(485,485), n)
0.000514;False;clear;com.google.javascript.jscomp.NodeTraversal%traverseFunction#10@11$(484,487, n)
0.000514;False;clear;com.google.javascript.jscomp.NodeTraversal%traverseFunction#10@12$(484,497, n)
0.000514;False;clear;com.google.javascript.jscomp.NodeTraversal%traverseFunction#10@13$(484,498, n)
0.000514;False;clear;com.google.javascript.jscomp.NodeTraversal%traverseFunction#10@14$(484,510, n)
0.000514;False;clear;com.google.javascript.jscomp.NodeTraversal%traverseFunction#10@15$(484,515, n)
0.000514;False;clear;com.google.javascript.jscomp.NodeTraversal%traverseFunction#10@20$(484,(489,489), parent)
0.000514;False;clear;com.google.javascript.jscomp.NodeTraversal%traverseFunction#10@22$(487,506, fnName)
0.000514;False;clear;com.google.javascript.jscomp.NodeTraversal%traverseFunction#10@29$(507,(513,513), body)
0.000514;False;clear;com.google.javascript.jscomp.NodeTraversal%traverseFunction#10@31$(507,515, body)
0.000514;True;clear;com.google.javascript.jscomp.NodeTraversal%traverseFunction#10@32$(507,(513,513), body)
0.000514;True;clear;com.google.javascript.jscomp.NodeTraversal%traverseBranch#9@7$(443,462, this)
0.000514;True;clear;com.google.javascript.jscomp.NodeTraversal%traverseBranch#9@21$(443,462, n)
0.000514;True;clear;com.google.javascript.jscomp.NodeTraversal%traverseBranch#9@28$(443,462, parent)
0.000514;True;clear;com.google.javascript.jscomp.NodeTraversal%traverseBranch#9@35$(443,(451,462), type)
0.000514;False;clear;com.google.javascript.jscomp.PrepareAst$PrepareAnnotations%visit#0@6$(158,183, n)
0.000514;False;clear;com.google.javascript.jscomp.PrepareAst$PrepareAnnotations%visit#0@7$(158,197, n)
0.000514;False;clear;com.google.javascript.jscomp.PrepareAst$PrepareAnnotations%visit#0@47$(158,(159,183), nType)
0.000511;False;clear;com.google.javascript.jscomp.parsing.IRFactory%transform#2@17$(192,(198,198), irNode)
0.000511;True;clear;com.google.javascript.jscomp.parsing.IRFactory%transform#2@24$(192,(198,200), irNode)
0.000511;True;clear;com.google.javascript.jscomp.parsing.IRFactory%transform#2@26$(192,200, irNode)
0.000511;True;clear;com.google.javascript.jscomp.parsing.IRFactory%transform#2@27$(192,201, irNode)
0.000511;False;clear;com.google.javascript.jscomp.parsing.IRFactory$TransformDispatcher%processFunctionNode#10@0$(513,522, this)
0.000511;False;clear;com.google.javascript.jscomp.parsing.IRFactory$TransformDispatcher%processFunctionNode#10@1$(513,552, this)
0.000511;False;clear;com.google.javascript.jscomp.parsing.IRFactory$TransformDispatcher%processFunctionNode#10@2$(513,558, this)
0.000511;False;clear;com.google.javascript.jscomp.parsing.IRFactory$TransformDispatcher%processFunctionNode#10@3$(513,559, this)
0.000511;False;clear;com.google.javascript.jscomp.parsing.IRFactory$TransformDispatcher%processFunctionNode#10@6$(513,521, functionNode)
0.000511;False;clear;com.google.javascript.jscomp.parsing.IRFactory$TransformDispatcher%processFunctionNode#10@7$(513,543, functionNode)
0.000511;False;clear;com.google.javascript.jscomp.parsing.IRFactory$TransformDispatcher%processFunctionNode#10@9$(513,549, functionNode)
0.000511;False;clear;com.google.javascript.jscomp.parsing.IRFactory$TransformDispatcher%processFunctionNode#10@10$(513,553, functionNode)
0.000511;False;clear;com.google.javascript.jscomp.parsing.IRFactory$TransformDispatcher%processFunctionNode#10@11$(513,558, functionNode)
0.000511;False;clear;com.google.javascript.jscomp.parsing.IRFactory$TransformDispatcher%processFunctionNode#10@14$(513,522, this.this$0)
0.000511;False;clear;com.google.javascript.jscomp.parsing.IRFactory$TransformDispatcher%processFunctionNode#10@15$(513,552, this.this$0)
0.000511;False;clear;com.google.javascript.jscomp.parsing.IRFactory$TransformDispatcher%processFunctionNode#10@16$(513,558, this.this$0)
0.000511;False;clear;com.google.javascript.jscomp.parsing.IRFactory$TransformDispatcher%processFunctionNode#10@27$(520,535, node)
0.000511;False;clear;com.google.javascript.jscomp.parsing.IRFactory$TransformDispatcher%processFunctionNode#10@28$(520,556, node)
0.000511;False;clear;com.google.javascript.jscomp.parsing.IRFactory$TransformDispatcher%processFunctionNode#10@29$(520,560, node)
0.000511;False;clear;com.google.javascript.jscomp.parsing.IRFactory$TransformDispatcher%processFunctionNode#10@30$(520,561, node)
0.000511;False;clear;com.google.javascript.jscomp.parsing.IRFactory$TransformDispatcher%processFunctionNode#10@31$(522,535, newName)
0.000511;False;clear;com.google.javascript.jscomp.parsing.IRFactory$TransformDispatcher%processFunctionNode#10@35$(536,552, lp)
0.000511;False;clear;com.google.javascript.jscomp.parsing.IRFactory$TransformDispatcher%processFunctionNode#10@36$(536,556, lp)
0.000511;False;clear;com.google.javascript.jscomp.parsing.IRFactory$TransformDispatcher%processFunctionNode#10@43$(553,(553,556), i$)
0.000511;True;clear;com.google.javascript.jscomp.parsing.TypeSafeDispatcher%process#0@20$(120,230, this)
0.000511;True;clear;com.google.javascript.jscomp.parsing.TypeSafeDispatcher%process#0@63$(120,(120,230), node)
0.000511;True;clear;com.google.javascript.jscomp.parsing.TypeSafeDispatcher%process#0@120$(120,230, node)
0.000510;True;clear;com.google.javascript.jscomp.NodeUtil%isStatement#36@0$(1051,(1055,1055), parent)
0.000506;True;clear;com.google.javascript.jscomp.parsing.TypeSafeDispatcher%process#0@5$(120,173, this)
0.000506;True;clear;com.google.javascript.jscomp.parsing.TypeSafeDispatcher%process#0@89$(120,(172,173), node)
0.000506;True;clear;com.google.javascript.jscomp.parsing.TypeSafeDispatcher%process#0@95$(120,173, node)
0.000499;True;clear;com.google.javascript.jscomp.GoogleCodingConvention%isConstant#0@1$(61,(61,62), name)
0.000497;True;clear;com.google.javascript.rhino.Node%lookupProperty#19@14$(748,(747,750), x)
0.000497;True;clear;com.google.javascript.rhino.Node%lookupProperty#19@17$(748,(747,750), x.type)
0.000493;True;clear;com.google.javascript.jscomp.parsing.IRFactory%transformTokenType#5@127$(867,(867,1121), token)
0.000493;False;clear;com.google.javascript.jscomp.parsing.IRFactory$TransformDispatcher%processGeneric#0@2$(281,285, node)
0.000493;False;clear;com.google.javascript.jscomp.parsing.IRFactory$TransformDispatcher%processGeneric#0@5$(282,(282,285), i$)
0.000493;False;clear;com.google.javascript.jscomp.parsing.TypeSafeDispatcher%process#0@76$(120,(120,172), node)
0.000490;True;clear;com.google.javascript.jscomp.GoogleCodingConvention%isConstant#0@4$(61,75, name)
0.000490;True;clear;com.google.javascript.jscomp.GoogleCodingConvention%isConstant#0@7$(67,(68,75), pos)
0.000485;True;clear;com.google.javascript.jscomp.GoogleCodingConvention%isConstantKey#1@2$(80,(80,81), name)
0.000485;False;clear;com.google.javascript.jscomp.GoogleCodingConvention%isConstant#0@0$(61,75, this)
0.000485;False;clear;com.google.javascript.jscomp.GoogleCodingConvention%isConstant#0@2$(61,(61,67), name)
0.000485;False;clear;com.google.javascript.jscomp.GoogleCodingConvention%isConstant#0@3$(61,67, name)
0.000480;True;clear;com.google.javascript.rhino.Node%getBooleanProp#23@1$(791,(791,791), this)
0.000480;True;clear;com.google.javascript.rhino.Node%getBooleanProp#23@3$(791,(791,791), propType)
0.000480;True;clear;com.google.javascript.rhino.Node%getIntProp#24@0$(799,(800,801), item)
0.000477;False;clear;com.google.javascript.rhino.Node%<init>#1@0$(379,385, this)
0.000477;False;clear;com.google.javascript.rhino.Node%<init>#1@1$(379,386, this)
0.000477;False;clear;com.google.javascript.rhino.Node%<init>#1@2$(379,387, this)
0.000477;False;clear;com.google.javascript.rhino.Node%<init>#1@3$(379,387, this)
0.000477;False;clear;com.google.javascript.rhino.Node%<init>#1@4$(379,389, this)
0.000477;False;clear;com.google.javascript.rhino.Node%<init>#1@5$(379,390, this)
0.000477;False;clear;com.google.javascript.rhino.Node%<init>#1@6$(379,385, nodeType)
0.000477;True;clear;com.google.javascript.rhino.Node%<init>#1@7$(379,(380,380), child)
0.000477;True;clear;com.google.javascript.rhino.Node%<init>#1@9$(379,(382,382), child)
0.000477;False;clear;com.google.javascript.rhino.Node%<init>#1@11$(379,387, child)
0.000477;False;clear;com.google.javascript.rhino.Node%<init>#1@12$(379,387, child)
0.000477;False;clear;com.google.javascript.rhino.Node%<init>#1@13$(379,388, child)
0.000477;False;clear;com.google.javascript.rhino.Node%<init>#1@14$(379,389, child)
0.000477;True;clear;com.google.javascript.rhino.Node%<init>#1@15$(379,(380,380), child.parent)
0.000477;True;clear;com.google.javascript.rhino.Node%<init>#1@17$(379,(382,382), child.next)
0.000469;False;clear;com.google.javascript.jscomp.GoogleCodingConvention%isConstantKey#1@0$(80,(80,80), name)
0.000467;False;clear;com.google.javascript.rhino.Node%lookupProperty#19@10$(748,(747,747), x)
0.000466;True;clear;com.google.javascript.jscomp.parsing.IRFactory%transformTokenType#5@131$(867,(867,1130), token)
0.000466;True;clear;com.google.javascript.jscomp.parsing.TypeSafeDispatcher%process#0@2$(120,203, this)
0.000466;True;clear;com.google.javascript.jscomp.parsing.TypeSafeDispatcher%process#0@81$(120,(202,203), node)
0.000466;True;clear;com.google.javascript.jscomp.parsing.TypeSafeDispatcher%process#0@87$(120,203, node)
0.000465;False;clear;com.google.javascript.jscomp.parsing.TypeSafeDispatcher%process#0@78$(120,(120,202), node)
0.000441;True;clear;com.google.javascript.rhino.Node%getChildCount#44@6$(1338,1338, c)
0.000441;True;clear;com.google.javascript.rhino.Node%getChildCount#44@7$(1337,(1337,1338), n)
0.000441;True;clear;com.google.javascript.rhino.Node%getChildCount#44@9$(1337,1337, n)
0.000441;True;clear;com.google.javascript.rhino.Node%getChildCount#44@10$(1337,1337, n.next)
0.000441;False;clear;com.google.javascript.jscomp.parsing.IRFactory$TransformDispatcher%isDirective#5@11$(384,(385,385), nType)
0.000441;True;clear;com.google.javascript.jscomp.parsing.IRFactory$TransformDispatcher%isDirective#5@14$(384,(385,385), nType)
0.000439;True;clear;com.google.javascript.jscomp.parsing.IRFactory%transform#2@20$(192,(203,213), irNode)
0.000436;True;clear;com.google.javascript.jscomp.NodeTraversal%traverseBranch#9@41$(471,(466,469), child)
0.000436;True;clear;com.google.javascript.jscomp.NodeTraversal%traverseBranch#9@43$(471,469, child)
0.000436;True;clear;com.google.javascript.jscomp.NodeTraversal%traverseBranch#9@44$(471,470, child)
0.000435;True;clear;com.google.javascript.jscomp.PrepareAst$PrepareAnnotations%visit#0@16$(158,(172,177), n)
0.000435;True;clear;com.google.javascript.jscomp.NodeUtil%isConstantByConvention#75@8$(1983,(1984,1987), parent)
0.000433;True;clear;com.google.javascript.jscomp.PrepareAst$PrepareAnnotations%visit#0@5$(158,(177,235), this)
0.000433;True;clear;com.google.javascript.jscomp.PrepareAst$PrepareAnnotations%visit#0@13$(158,(177,235), n)
0.000433;True;clear;com.google.javascript.jscomp.PrepareAst$PrepareAnnotations%visit#0@36$(158,(177,235), parent)
0.000433;True;clear;com.google.javascript.jscomp.PrepareAst$PrepareAnnotations%visit#0@42$(158,(177,235), this.convention)
0.000430;True;clear;com.google.javascript.jscomp.NodeUtil%isConstantByConvention#75@0$(1983,1990, convention)
0.000430;True;clear;com.google.javascript.jscomp.NodeUtil%isConstantByConvention#75@4$(1983,(1987,1990), node)
0.000430;True;clear;com.google.javascript.jscomp.NodeUtil%isConstantByConvention#75@10$(1983,(1987,1990), parent)
0.000430;True;clear;com.google.javascript.jscomp.NodeUtil%isConstantByConvention#75@13$(1983,1990, name)
0.000430;True;clear;com.google.javascript.jscomp.NodeUtil%isObjectLitKey#52@1$(1323,(1323,1334), node)
0.000430;True;clear;com.google.javascript.jscomp.PrepareAst$PrepareAnnotations%visit#0@44$(158,(159,171), nType)
0.000430;False;clear;com.google.javascript.jscomp.PrepareAst$PrepareAnnotations%visit#0@48$(158,(172,172), nType)
0.000430;True;clear;com.google.javascript.jscomp.parsing.ParserRunner%parse#2@4$(85,(93,98), config)
0.000430;True;clear;com.google.javascript.jscomp.parsing.ParserRunner%parse#2@9$(85,(93,98), config.isIdeMode)
0.000430;False;clear;com.google.javascript.jscomp.PrepareAst$PrepareAnnotations%visit#0@11$(158,171, n)
0.000430;True;clear;com.google.javascript.jscomp.Compiler%hasHaltingErrors#38@3$(1609,(1609,1609), this)
0.000429;False;clear;com.google.javascript.jscomp.Compiler%hasHaltingErrors#38@0$(1609,(1609,1609), this)
0.000429;False;clear;com.google.javascript.rhino.Node%lookupProperty#19@1$(746,(747,750), propType)
0.000429;False;clear;com.google.javascript.rhino.Node%getChildCount#44@1$(1336,1338, c)
0.000429;False;clear;com.google.javascript.rhino.Node%getChildCount#44@2$(1337,(1337,1338), n)
0.000429;False;clear;com.google.javascript.rhino.Node%getChildCount#44@4$(1337,1337, n)
0.000429;False;clear;com.google.javascript.rhino.Node%getChildCount#44@5$(1338,1340, c)
0.000429;False;clear;com.google.javascript.rhino.Node%getChildCount#44@8$(1337,(1337,1340), n)
0.000428;True;clear;com.google.javascript.jscomp.JsAst%parse#1@4$(88,101, this)
0.000428;True;clear;com.google.javascript.jscomp.JsAst%parse#1@6$(88,(97,101), compiler)
0.000428;True;clear;com.google.javascript.jscomp.JsAst%parse#1@7$(88,101, compiler)
0.000428;True;clear;com.google.javascript.jscomp.JsAst%parse#1@11$(89,101, this.root)
0.000428;True;clear;com.google.javascript.jscomp.JsAst%parse#1@12$(89,106, this.root)
0.000428;False;clear;com.google.javascript.jscomp.PrepareAst%process#1@1$(57,(57,64), this)
0.000428;True;clear;com.google.javascript.jscomp.PrepareAst%process#1@2$(57,69, this)
0.000428;True;clear;com.google.javascript.jscomp.PrepareAst%process#1@3$(57,69, this)
0.000428;True;clear;com.google.javascript.jscomp.PrepareAst%process#1@8$(57,(64,68), externs)
0.000428;True;clear;com.google.javascript.jscomp.PrepareAst%process#1@10$(57,(68,69), root)
0.000428;True;clear;com.google.javascript.jscomp.PrepareAst%process#1@12$(57,69, root)
0.000428;False;clear;com.google.javascript.jscomp.PrepareAst%process#1@15$(57,(57,64), this.checkOnly)
0.000428;True;clear;com.google.javascript.jscomp.PrepareAst%process#1@16$(57,69, this.compiler)
0.000428;True;clear;com.google.javascript.jscomp.PrepareAst%process#1@17$(57,69, this.compiler)
0.000428;True;clear;com.google.javascript.jscomp.PrepareAst$PrepareAnnotations%visit#0@19$(158,(235,242), n)
0.000428;True;clear;com.google.javascript.jscomp.PrepareAst$PrepareAnnotations%visit#0@43$(158,(159,235), nType)
0.000428;False;clear;com.google.javascript.jscomp.JsAst%parse#1@0$(88,(97,97), this)
0.000428;False;clear;com.google.javascript.jscomp.JsAst%parse#1@9$(89,(97,97), this.root)
0.000428;True;clear;com.google.javascript.jscomp.Compiler%newTracer#20@1$(792,(792,792), this)
0.000428;True;clear;com.google.javascript.jscomp.Compiler%newTracer#20@3$(792,(794,797), this)
0.000428;False;clear;com.google.javascript.jscomp.Compiler%newTracer#20@5$(792,792, passName)
0.000428;True;clear;com.google.javascript.jscomp.Compiler%newTracer#20@8$(792,(792,792), this.recentChange)
0.000428;True;clear;com.google.javascript.jscomp.Compiler%newTracer#20@10$(792,(794,797), this.options)
0.000428;True;clear;com.google.javascript.jscomp.Compiler%newTracer#20@12$(792,(794,797), this.tracer)
0.000428;False;clear;com.google.javascript.jscomp.Compiler%newTracer#20@14$(792,797, comment)
0.000428;True;clear;com.google.javascript.jscomp.Compiler%stopTracer#21@1$(801,(802,805), this)
0.000428;True;clear;com.google.javascript.jscomp.Compiler%stopTracer#21@5$(801,(802,805), this.options)
0.000428;True;clear;com.google.javascript.jscomp.Compiler%stopTracer#21@7$(801,(802,805), this.tracer)
0.000428;True;clear;com.google.javascript.jscomp.CompilerOptions$TracerMode%isOn#0@1$(987,(987,987), this)
0.000428;True;clear;com.google.javascript.jscomp.CompilerOptions$TracerMode%isOn#0@3$(987,(987,987), OFF)
0.000427;False;clear;com.google.javascript.rhino.Node%removeProp#21@0$(767,772, this)
0.000427;False;clear;com.google.javascript.rhino.Node%removeProp#21@4$(767,(769,772), item)
0.000427;False;clear;com.google.javascript.rhino.Node%removeProp#21@5$(767,772, item)
0.000427;True;clear;com.google.javascript.rhino.Node%removeProp#21@7$(767,(773,777), item)
0.000427;True;clear;com.google.javascript.rhino.Node%removeProp#21@8$(767,777, item)
0.000427;False;clear;com.google.javascript.rhino.Node%removeProp#21@12$(767,(769,772), propType)
0.000427;False;clear;com.google.javascript.rhino.Node%removeProp#21@13$(767,772, propType)
0.000427;False;clear;com.google.javascript.rhino.Node%removeProp#21@15$(767,(769,772), item.type)
0.000427;False;clear;com.google.javascript.rhino.Node%removeProp#21@17$(767,772, item.next)
0.000427;True;clear;com.google.javascript.rhino.Node%removeProp#21@19$(767,(773,777), item.next)
0.000427;True;clear;com.google.javascript.rhino.Node%removeProp#21@24$(772,(773,777), result)
0.000427;False;clear;com.google.javascript.rhino.Node%removeProp#21@2$(767,(767,769), item)
0.000427;True;clear;com.google.javascript.jscomp.NodeTraversal%traverseBranch#9@9$(443,445, this)
0.000427;True;clear;com.google.javascript.jscomp.NodeTraversal%traverseBranch#9@24$(443,445, n)
0.000427;True;clear;com.google.javascript.jscomp.NodeTraversal%traverseBranch#9@32$(443,(444,445), type)
0.000427;True;clear;com.google.javascript.jscomp.NodeTraversal%getSourceName#20@0$(627,(628,628), name)
0.000427;False;clear;com.google.javascript.jscomp.NodeTraversal%getSourceName#20@2$(627,628, name)
0.000427;False;clear;com.google.javascript.jscomp.JsAst%parse#1@3$(88,106, this)
0.000427;False;clear;com.google.javascript.jscomp.JsAst%parse#1@8$(88,106, sourceName)
0.000427;True;clear;com.google.javascript.jscomp.JsAst%getAstRoot#0@0$(50,(50,51), this)
0.000427;False;clear;com.google.javascript.jscomp.JsAst%getAstRoot#0@2$(50,53, this)
0.000427;True;clear;com.google.javascript.jscomp.JsAst%getAstRoot#0@3$(50,51, this)
0.000427;True;clear;com.google.javascript.jscomp.JsAst%getAstRoot#0@4$(50,51, compiler)
0.000427;True;clear;com.google.javascript.jscomp.JsAst%getAstRoot#0@5$(50,(50,51), this.root)
0.000427;False;clear;com.google.javascript.jscomp.JsAst%getAstRoot#0@7$(50,53, this.root)
0.000427;True;clear;com.google.javascript.jscomp.Compiler%getParserConfig#35@0$(1544,(1544,1545), this)
0.000427;False;clear;com.google.javascript.jscomp.Compiler%getParserConfig#35@2$(1544,1547, this)
0.000427;True;clear;com.google.javascript.jscomp.Compiler%getParserConfig#35@3$(1544,1545, this)
0.000427;True;clear;com.google.javascript.jscomp.Compiler%getParserConfig#35@4$(1544,(1544,1545), this.parserConfig)
0.000427;True;clear;com.google.javascript.jscomp.Compiler%getParserConfig#35@7$(1545,1547, this.parserConfig)
0.000426;False;clear;com.google.javascript.jscomp.Tracer%<init>#0@0$(251,253, this)
0.000426;False;clear;com.google.javascript.jscomp.Tracer%<init>#0@1$(251,254, this)
0.000426;False;clear;com.google.javascript.jscomp.Tracer%<init>#0@2$(251,255, this)
0.000426;True;clear;com.google.javascript.jscomp.Tracer%<init>#0@7$(251,(253,253), comment)
0.000426;False;clear;com.google.javascript.jscomp.Tracer%<init>#0@8$(251,253, comment)
0.000426;False;clear;com.google.javascript.jscomp.Tracer%<init>#0@9$(251,254, clock)
0.000426;True;clear;com.google.javascript.jscomp.Tracer%<init>#0@11$(251,(256,266), extraTracingStatistics)
0.000426;True;clear;com.google.javascript.jscomp.Tracer%<init>#0@27$(266,(269,270), trace)
0.000426;True;clear;com.google.javascript.jscomp.Tracer%stop#5@0$(422,(422,422), this)
0.000426;True;clear;com.google.javascript.jscomp.Tracer%stop#5@12$(422,(422,422), this.startThread)
0.000426;True;clear;com.google.javascript.jscomp.Tracer%stop#5@23$(424,(426,427), trace)
0.000426;True;clear;com.google.javascript.jscomp.Tracer%getThreadTrace#14@3$(968,(969,974), t)
0.000426;True;clear;com.google.javascript.jscomp.Tracer%getThreadTrace#14@4$(968,974, t)
0.000426;False;clear;com.google.javascript.jscomp.Compiler%getCodingConvention#34@0$(1532,1533, this)
0.000426;False;clear;com.google.javascript.jscomp.Compiler%getCodingConvention#34@1$(1532,1533, this.defaultCodingConvention)
0.000426;False;clear;com.google.javascript.jscomp.Compiler%getCodingConvention#34@4$(1532,1533, convention)
0.000426;False;clear;com.google.javascript.jscomp.NodeTraversal%traverseBranch#9@8$(443,470, this)
0.000426;False;clear;com.google.javascript.jscomp.NodeTraversal%traverseBranch#9@23$(443,470, n)
0.000426;False;clear;com.google.javascript.jscomp.NodeTraversal%traverseBranch#9@37$(466,(466,469), child)
0.000426;False;clear;com.google.javascript.jscomp.NodeTraversal%traverseBranch#9@39$(466,469, child)
0.000426;False;clear;com.google.javascript.jscomp.NodeTraversal%traverseBranch#9@40$(466,470, child)
0.000426;False;clear;com.google.javascript.jscomp.NodeTraversal%traverseBranch#9@42$(471,(466,476), child)
0.000425;True;clear;com.google.javascript.rhino.Node%lookupProperty#19@11$(748,(747,750), x)
0.000425;False;clear;com.google.javascript.rhino.Node%lookupProperty#19@0$(746,(747,748), propType)
0.000425;False;clear;com.google.javascript.rhino.Node%lookupProperty#19@5$(746,(747,748), x)
0.000425;False;clear;com.google.javascript.rhino.Node%lookupProperty#19@7$(746,748, x)
0.000425;False;clear;com.google.javascript.rhino.Node%lookupProperty#19@8$(746,(747,748), x.type)
0.000425;False;clear;com.google.javascript.rhino.Node%lookupProperty#19@12$(748,750, x)
0.000425;False;clear;com.google.javascript.jscomp.NodeTraversal%traverseBranch#9@2$(443,(449,451), this)
0.000425;False;clear;com.google.javascript.jscomp.NodeTraversal%traverseBranch#9@5$(443,476, this)
0.000425;False;clear;com.google.javascript.jscomp.NodeTraversal%traverseBranch#9@6$(443,477, this)
0.000425;False;clear;com.google.javascript.jscomp.NodeTraversal%traverseBranch#9@12$(443,(449,451), n)
0.000425;False;clear;com.google.javascript.jscomp.NodeTraversal%traverseBranch#9@19$(443,476, n)
0.000425;False;clear;com.google.javascript.jscomp.NodeTraversal%traverseBranch#9@20$(443,477, n)
0.000425;False;clear;com.google.javascript.jscomp.NodeTraversal%traverseBranch#9@22$(443,466, n)
0.000425;False;clear;com.google.javascript.jscomp.NodeTraversal%traverseBranch#9@26$(443,(449,451), parent)
0.000425;False;clear;com.google.javascript.jscomp.NodeTraversal%traverseBranch#9@27$(443,477, parent)
0.000425;False;clear;com.google.javascript.jscomp.NodeTraversal%traverseBranch#9@30$(443,(449,451), this.callback)
0.000425;False;clear;com.google.javascript.jscomp.NodeTraversal%traverseBranch#9@31$(443,477, this.callback)
0.000425;False;clear;com.google.javascript.jscomp.NodeTraversal%traverseBranch#9@34$(443,(451,466), type)
0.000425;True;clear;com.google.javascript.jscomp.NodeTraversal%traverseBranch#9@38$(466,(466,476), child)
0.000425;True;clear;com.google.javascript.jscomp.NodeTraversal%pushScope#12@5$(536,(539,542), this)
0.000425;True;clear;com.google.javascript.jscomp.NodeTraversal%pushScope#12@13$(536,(539,542), this.scopeCallback)
0.000425;True;clear;com.google.javascript.jscomp.NodeTraversal%popScope#14@1$(556,(556,559), this)
0.000425;True;clear;com.google.javascript.jscomp.NodeTraversal%popScope#14@9$(556,(556,559), this.scopeCallback)
0.000425;True;clear;com.google.javascript.jscomp.NodeTraversal%<init>#0@6$(208,(210,213), cb)
0.000425;False;clear;com.google.javascript.jscomp.NodeTraversal%traverseBranch#9@0$(443,448, this)
0.000425;False;clear;com.google.javascript.jscomp.NodeTraversal%traverseBranch#9@10$(443,448, n)
0.000425;True;clear;com.google.javascript.jscomp.NodeTraversal%traverseBranch#9@33$(443,(444,448), type)
0.000425;True;clear;com.google.javascript.jscomp.NodeTraversal%pushScope#12@0$(536,(536,536), this)
0.000425;False;clear;com.google.javascript.jscomp.NodeTraversal%pushScope#12@2$(536,537, this)
0.000425;False;clear;com.google.javascript.jscomp.NodeTraversal%pushScope#12@3$(536,538, this)
0.000425;False;clear;com.google.javascript.jscomp.NodeTraversal%pushScope#12@7$(536,537, node)
0.000425;True;clear;com.google.javascript.jscomp.NodeTraversal%pushScope#12@8$(536,(536,536), this.curNode)
0.000425;False;clear;com.google.javascript.jscomp.NodeTraversal%pushScope#12@10$(536,537, this.scopeRoots)
0.000425;False;clear;com.google.javascript.jscomp.NodeTraversal%pushScope#12@11$(536,538, this.cfgs)
0.000425;True;clear;com.google.javascript.jscomp.NodeTraversal%popScope#14@3$(556,(559,562), this)
0.000425;True;clear;com.google.javascript.jscomp.NodeTraversal%popScope#14@4$(556,562, this)
0.000425;False;clear;com.google.javascript.jscomp.NodeTraversal%popScope#14@5$(556,564, this)
0.000425;True;clear;com.google.javascript.jscomp.NodeTraversal%popScope#14@12$(556,(559,562), this.scopeRoots)
0.000425;True;clear;com.google.javascript.jscomp.NodeTraversal%popScope#14@13$(556,562, this.scopeRoots)
0.000425;False;clear;com.google.javascript.jscomp.NodeTraversal%popScope#14@15$(556,564, this.cfgs)
0.000425;False;clear;com.google.javascript.jscomp.NodeTraversal%<init>#0@0$(208,213, this)
0.000425;False;clear;com.google.javascript.jscomp.NodeTraversal%<init>#0@1$(208,214, this)
0.000425;False;clear;com.google.javascript.jscomp.NodeTraversal%<init>#0@2$(208,215, this)
0.000425;False;clear;com.google.javascript.jscomp.NodeTraversal%<init>#0@4$(208,213, compiler)
0.000425;False;clear;com.google.javascript.jscomp.NodeTraversal%<init>#0@8$(208,215, scopeCreator)
0.000425;True;clear;com.google.javascript.rhino.Node%extractCharno#39@1$(1164,(1164,1167), lineCharNo)
0.000425;True;clear;com.google.javascript.rhino.Node%extractCharno#39@2$(1164,1167, lineCharNo)
0.000422;True;clear;com.google.javascript.jscomp.Compiler%initOptions#0@2$(214,(216,217), this)
0.000422;True;clear;com.google.javascript.jscomp.Compiler%initOptions#0@6$(214,217, this)
0.000422;True;clear;com.google.javascript.jscomp.Compiler%initOptions#0@7$(214,217, this)
0.000422;True;clear;com.google.javascript.jscomp.Compiler%initOptions#0@11$(214,(216,217), this.outStream)
0.000422;True;clear;com.google.javascript.jscomp.Compiler%initOptions#0@14$(214,217, logger)
0.000422;True;clear;com.google.javascript.rhino.Node%putProp#26@0$(815,817, this)
0.000422;True;clear;com.google.javascript.rhino.Node%putProp#26@1$(815,817, this)
0.000422;True;clear;com.google.javascript.rhino.Node%putProp#26@2$(815,817, propType)
0.000422;True;clear;com.google.javascript.rhino.Node%putProp#26@3$(815,(816,817), value)
0.000422;True;clear;com.google.javascript.rhino.Node%putProp#26@5$(815,817, value)
0.000422;True;clear;com.google.javascript.rhino.Node%putProp#26@6$(815,817, this.propListHead)
0.000421;True;clear;com.google.javascript.jscomp.parsing.ParserRunner%parse#2@2$(85,109, sourceString)
0.000421;True;clear;com.google.javascript.jscomp.parsing.ParserRunner%parse#2@5$(85,109, config)
0.000421;True;clear;com.google.javascript.jscomp.parsing.ParserRunner%parse#2@7$(85,109, errorReporter)
0.000421;True;clear;com.google.javascript.jscomp.parsing.ParserRunner%parse#2@13$(101,(108,109), astRoot)
0.000421;True;clear;com.google.javascript.jscomp.parsing.ParserRunner%parse#2@15$(101,109, astRoot)
0.000421;True;clear;com.google.javascript.jscomp.parsing.ParserRunner%parse#2@17$(109,113, root)
0.000419;False;clear;com.google.javascript.jscomp.parsing.ParserRunner%parse#2@0$(85,101, sourceName)
0.000419;False;clear;com.google.javascript.jscomp.parsing.ParserRunner%parse#2@1$(85,101, sourceString)
0.000419;False;clear;com.google.javascript.jscomp.parsing.ParserRunner%parse#2@6$(85,98, errorReporter)
0.000419;False;clear;com.google.javascript.jscomp.parsing.ParserRunner%parse#2@10$(88,98, compilerEnv)
0.000419;False;clear;com.google.javascript.jscomp.Compiler%initOptions#0@0$(214,(215,216), this)
0.000419;False;clear;com.google.javascript.jscomp.Compiler%initOptions#0@9$(214,(215,216), this.errorManager)
0.000418;False;clear;com.google.javascript.rhino.Node%lookupProperty#19@2$(746,(747,747), x)
0.000416;True;clear;com.google.javascript.jscomp.parsing.TypeSafeDispatcher%process#0@33$(120,244, this)
0.000416;True;clear;com.google.javascript.jscomp.parsing.TypeSafeDispatcher%process#0@50$(120,(120,244), node)
0.000416;True;clear;com.google.javascript.jscomp.parsing.TypeSafeDispatcher%process#0@133$(120,244, node)
0.000416;True;clear;com.google.javascript.jscomp.parsing.IRFactory%position2charno#4@1$(265,267, position)
0.000416;True;clear;com.google.javascript.jscomp.parsing.IRFactory%position2charno#4@2$(265,(266,267), lineIndex)
0.000413;False;clear;com.google.javascript.jscomp.parsing.IRFactory$TransformDispatcher%isDirective#5@3$(382,(382,384), n)
0.000413;False;clear;com.google.javascript.jscomp.parsing.IRFactory$TransformDispatcher%isDirective#5@4$(382,384, n)
0.000413;True;clear;com.google.javascript.jscomp.parsing.IRFactory$TransformDispatcher%processAstRoot#3@1$(347,349, this)
0.000413;True;clear;com.google.javascript.jscomp.parsing.IRFactory$TransformDispatcher%processAstRoot#3@2$(347,349, this.this$0)
0.000413;True;clear;com.google.javascript.jscomp.parsing.IRFactory$TransformDispatcher%processAstRoot#3@5$(347,349, node)
0.000413;True;clear;com.google.javascript.jscomp.parsing.IRFactory$TransformDispatcher%processAstRoot#3@6$(348,(348,348), i$)
0.000413;True;clear;com.google.javascript.jscomp.parsing.IRFactory$TransformDispatcher%processAstRoot#3@8$(348,348, i$)
0.000413;False;clear;com.google.javascript.jscomp.parsing.IRFactory%transformTree#0@7$(127,166, irNode)
0.000413;False;clear;com.google.javascript.jscomp.parsing.IRFactory%transform#2@0$(185,192, this)
0.000413;True;clear;com.google.javascript.jscomp.parsing.IRFactory%transform#2@1$(185,209, this)
0.000413;False;clear;com.google.javascript.jscomp.parsing.IRFactory%transform#2@4$(185,192, node)
0.000413;True;clear;com.google.javascript.jscomp.parsing.IRFactory%transform#2@5$(185,207, node)
0.000413;True;clear;com.google.javascript.jscomp.parsing.IRFactory%transform#2@6$(185,209, node)
0.000413;False;clear;com.google.javascript.jscomp.parsing.IRFactory%transform#2@9$(185,(187,192), jsDoc)
0.000413;True;clear;com.google.javascript.jscomp.parsing.IRFactory%transform#2@12$(186,(193,198), nodeWithJsDoc)
0.000413;True;clear;com.google.javascript.jscomp.parsing.IRFactory%transform#2@18$(192,(198,203), irNode)
0.000413;True;clear;com.google.javascript.jscomp.parsing.IRFactory%transform#2@19$(192,(203,207), irNode)
0.000413;False;clear;com.google.javascript.jscomp.parsing.IRFactory%transform#2@21$(192,213, irNode)
0.000413;True;clear;com.google.javascript.jscomp.parsing.IRFactory%transform#2@22$(192,208, irNode)
0.000413;True;clear;com.google.javascript.jscomp.parsing.IRFactory%transform#2@23$(192,210, irNode)
0.000413;False;clear;com.google.javascript.jscomp.parsing.IRFactory$TransformDispatcher%processAstRoot#3@0$(347,351, this)
0.000413;False;clear;com.google.javascript.jscomp.parsing.IRFactory$TransformDispatcher%processAstRoot#3@3$(347,351, node)
0.000413;False;clear;com.google.javascript.jscomp.parsing.IRFactory$TransformDispatcher%processAstRoot#3@4$(347,352, node)
0.000413;False;clear;com.google.javascript.jscomp.parsing.IRFactory$TransformDispatcher%processAstRoot#3@7$(348,(348,351), i$)
0.000413;False;clear;com.google.javascript.jscomp.parsing.IRFactory$TransformDispatcher%parseDirectives#4@1$(366,(367,376), this)
0.000413;False;clear;com.google.javascript.jscomp.parsing.IRFactory$TransformDispatcher%parseDirectives#4@3$(366,(367,376), node)
0.000413;True;clear;com.google.javascript.jscomp.parsing.IRFactory$TransformDispatcher%parseDirectives#4@7$(366,(376,379), directives)
0.000413;False;clear;com.google.javascript.rhino.Node%setLineno#36@0$(1120,1124, this)
0.000413;False;clear;com.google.javascript.rhino.Node%setLineno#36@1$(1120,1124, lineno)
0.000413;True;clear;com.google.javascript.rhino.Node%setLineno#36@2$(1120,(1121,1122), charno)
0.000413;True;clear;com.google.javascript.rhino.Node%setLineno#36@5$(1122,1124, charno)
0.000413;True;clear;com.google.javascript.jscomp.parsing.TypeSafeDispatcher%process#0@0$(120,256, this)
0.000413;True;clear;com.google.javascript.jscomp.parsing.TypeSafeDispatcher%process#0@79$(120,(120,256), node)
0.000413;True;clear;com.google.javascript.jscomp.parsing.TypeSafeDispatcher%process#0@80$(120,256, node)
0.000412;True;clear;com.google.javascript.rhino.Node%extractCharno#39@0$(1164,(1164,1165), lineCharNo)
0.000412;True;clear;com.google.javascript.rhino.Node%getProp#22@0$(783,(784,785), item)
0.000412;True;clear;com.google.javascript.rhino.Node%extractLineno#38@0$(1152,(1152,1153), lineCharNo)
0.000409;False;clear;com.google.javascript.rhino.ScriptRuntime%getMessage#8@0$(459,470, messageId)
0.000409;False;clear;com.google.javascript.rhino.ScriptRuntime%getMessage#8@1$(459,483, arguments)
0.000409;True;clear;com.google.javascript.rhino.ScriptRuntime%getMessage#8@3$(462,(463,463), cx)
0.000399;True;clear;com.google.javascript.rhino.Node%extractLineno#38@1$(1152,(1152,1155), lineCharNo)
0.000399;True;clear;com.google.javascript.rhino.Node%extractLineno#38@2$(1152,1155, lineCharNo)
0.000399;True;clear;com.google.javascript.rhino.Node%lookupProperty#19@3$(746,(747,750), x)
0.000395;False;clear;com.google.javascript.rhino.Node%lookupProperty#19@4$(746,750, x)
0.000390;True;clear;com.google.javascript.rhino.Node%mergeLineCharNo#37@2$(1138,1143, lineno)
0.000390;True;clear;com.google.javascript.rhino.Node%mergeLineCharNo#37@7$(1138,(1140,1143), charno)
0.000390;True;clear;com.google.javascript.rhino.Node%mergeLineCharNo#37@8$(1138,1143, charno)
0.000390;False;clear;com.google.javascript.rhino.Node%mergeLineCharNo#37@5$(1138,(1138,1140), charno)
0.000390;False;clear;com.google.javascript.rhino.Node%mergeLineCharNo#37@0$(1138,(1138,1138), lineno)
0.000385;True;clear;com.google.javascript.jscomp.parsing.Config%buildAnnotationNames#0@0$(71,(75,77), recognizedAnnotations)
0.000385;True;clear;com.google.javascript.jscomp.parsing.Config%buildAnnotationNames#0@1$(71,(75,80), recognizedAnnotations)
0.000385;True;clear;com.google.javascript.jscomp.parsing.Config%buildAnnotationNames#0@2$(71,77, NOT_IMPLEMENTED)
0.000385;False;clear;com.google.javascript.jscomp.parsing.Config%buildAnnotationNames#0@3$(71,81, annotationBuilder)
0.000385;True;clear;com.google.javascript.jscomp.parsing.Config%buildAnnotationNames#0@4$(71,77, annotationBuilder)
0.000385;False;clear;com.google.javascript.jscomp.parsing.Config%buildAnnotationNames#0@5$(74,(74,74), i$)
0.000385;False;clear;com.google.javascript.jscomp.parsing.Config%buildAnnotationNames#0@6$(74,(74,81), i$)
0.000385;False;clear;com.google.javascript.jscomp.parsing.Config%buildAnnotationNames#0@7$(74,74, i$)
0.000385;True;clear;com.google.javascript.jscomp.parsing.Config%buildAnnotationNames#0@8$(74,(75,77), unrecognizedAnnotation)
0.000385;True;clear;com.google.javascript.jscomp.parsing.Config%buildAnnotationNames#0@9$(74,(75,80), unrecognizedAnnotation)
0.000385;True;clear;com.google.javascript.jscomp.parsing.Config%buildAnnotationNames#0@10$(74,77, unrecognizedAnnotation)
0.000385;True;clear;com.google.javascript.jscomp.parsing.ParserRunner%initResourceConfig#0@0$(52,(52,53), annotationNames)
0.000368;True;clear;com.google.javascript.rhino.Node%addChildToBack#11@2$(607,(611,615), this)
0.000368;True;clear;com.google.javascript.rhino.Node%addChildToBack#11@3$(607,615, this)
0.000368;True;clear;com.google.javascript.rhino.Node%addChildToBack#11@4$(607,616, this)
0.000368;True;clear;com.google.javascript.rhino.Node%addChildToBack#11@13$(607,615, child)
0.000368;True;clear;com.google.javascript.rhino.Node%addChildToBack#11@14$(607,616, child)
0.000368;True;clear;com.google.javascript.rhino.Node%addChildToBack#11@22$(607,(611,615), this.last)
0.000368;True;clear;com.google.javascript.rhino.Node%addChildToBack#11@23$(607,615, this.last)
0.000367;True;clear;com.google.javascript.rhino.Node%putBooleanProp#27@2$(822,(822,822), value)
0.000367;False;clear;com.google.javascript.rhino.Node%putBooleanProp#27@0$(822,822, this)
0.000367;False;clear;com.google.javascript.rhino.Node%putBooleanProp#27@1$(822,822, propType)
0.000367;True;clear;com.google.javascript.rhino.Node%putIntProp#28@0$(826,828, this)
0.000367;True;clear;com.google.javascript.rhino.Node%putIntProp#28@1$(826,828, this)
0.000367;True;clear;com.google.javascript.rhino.Node%putIntProp#28@2$(826,828, propType)
0.000367;True;clear;com.google.javascript.rhino.Node%putIntProp#28@3$(826,(827,828), value)
0.000367;True;clear;com.google.javascript.rhino.Node%putIntProp#28@5$(826,828, value)
0.000367;True;clear;com.google.javascript.rhino.Node%putIntProp#28@6$(826,828, this.propListHead)
0.000366;False;clear;com.google.javascript.rhino.Node%addChildToBack#11@0$(607,609, this)
0.000366;True;clear;com.google.javascript.rhino.Node%addChildToBack#11@1$(607,(611,612), this)
0.000366;True;clear;com.google.javascript.rhino.Node%addChildToBack#11@5$(607,612, this)
0.000366;True;clear;com.google.javascript.rhino.Node%addChildToBack#11@6$(607,612, this)
0.000366;True;clear;com.google.javascript.rhino.Node%addChildToBack#11@7$(607,(607,607), child)
0.000366;True;clear;com.google.javascript.rhino.Node%addChildToBack#11@9$(607,(608,608), child)
0.000366;False;clear;com.google.javascript.rhino.Node%addChildToBack#11@11$(607,609, child)
0.000366;False;clear;com.google.javascript.rhino.Node%addChildToBack#11@12$(607,610, child)
0.000366;True;clear;com.google.javascript.rhino.Node%addChildToBack#11@15$(607,612, child)
0.000366;True;clear;com.google.javascript.rhino.Node%addChildToBack#11@16$(607,612, child)
0.000366;True;clear;com.google.javascript.rhino.Node%addChildToBack#11@17$(607,(607,607), child.parent)
0.000366;True;clear;com.google.javascript.rhino.Node%addChildToBack#11@19$(607,(608,608), child.next)
0.000366;True;clear;com.google.javascript.rhino.Node%addChildToBack#11@21$(607,(611,612), this.last)
0.000366;True;clear;com.google.javascript.rhino.Node%removeProp#21@1$(767,(767,768), item)
0.000366;True;clear;com.google.javascript.rhino.Node%removeProp#20@1$(754,(755,758), this)
0.000366;True;clear;com.google.javascript.rhino.Node%removeProp#20@4$(754,(755,758), this.propListHead)
0.000366;True;clear;com.google.javascript.rhino.Node%removeProp#20@6$(754,(755,758), result)
0.000366;True;clear;com.google.javascript.rhino.Node$StringNode%<init>#0@0$(282,286, this)
0.000366;True;clear;com.google.javascript.rhino.Node$StringNode%<init>#0@2$(282,(283,286), str)
0.000366;True;clear;com.google.javascript.rhino.Node$StringNode%<init>#0@3$(282,286, str)
0.000302;False;clear;com.google.javascript.jscomp.parsing.IRFactory$TransformDispatcher%processFunctionNode#10@20$(513,(515,520), name)
0.000302;False;clear;com.google.javascript.jscomp.parsing.IRFactory$TransformDispatcher%processFunctionNode#10@21$(513,522, name)
0.000302;True;clear;com.google.javascript.jscomp.parsing.IRFactory$TransformDispatcher%processFunctionNode#10@23$(514,(523,535), isUnnamedFunction)
0.000302;True;clear;com.google.javascript.jscomp.parsing.IRFactory$TransformDispatcher%processFunctionNode#10@38$(536,545, lp)
0.000302;True;clear;com.google.javascript.jscomp.parsing.IRFactory$TransformDispatcher%processFunctionNode#10@39$(543,(544,545), fnName)
0.000302;True;clear;com.google.javascript.jscomp.parsing.IRFactory$TransformDispatcher%processFunctionNode#10@41$(543,545, fnName)
0.000217;False;clear;com.google.javascript.rhino.Node%<init>#2@0$(393,402, this)
0.000217;False;clear;com.google.javascript.rhino.Node%<init>#2@1$(393,403, this)
0.000217;False;clear;com.google.javascript.rhino.Node%<init>#2@2$(393,404, this)
0.000217;False;clear;com.google.javascript.rhino.Node%<init>#2@3$(393,405, this)
0.000217;False;clear;com.google.javascript.rhino.Node%<init>#2@4$(393,407, this)
0.000217;False;clear;com.google.javascript.rhino.Node%<init>#2@5$(393,409, this)
0.000217;False;clear;com.google.javascript.rhino.Node%<init>#2@6$(393,410, this)
0.000217;False;clear;com.google.javascript.rhino.Node%<init>#2@7$(393,402, nodeType)
0.000217;True;clear;com.google.javascript.rhino.Node%<init>#2@8$(393,(394,394), left)
0.000217;True;clear;com.google.javascript.rhino.Node%<init>#2@10$(393,(396,396), left)
0.000217;False;clear;com.google.javascript.rhino.Node%<init>#2@12$(393,404, left)
0.000217;False;clear;com.google.javascript.rhino.Node%<init>#2@13$(393,406, left)
0.000217;False;clear;com.google.javascript.rhino.Node%<init>#2@14$(393,407, left)
0.000217;True;clear;com.google.javascript.rhino.Node%<init>#2@15$(393,(398,398), right)
0.000217;True;clear;com.google.javascript.rhino.Node%<init>#2@17$(393,(400,400), right)
0.000217;False;clear;com.google.javascript.rhino.Node%<init>#2@19$(393,405, right)
0.000217;False;clear;com.google.javascript.rhino.Node%<init>#2@20$(393,406, right)
0.000217;False;clear;com.google.javascript.rhino.Node%<init>#2@21$(393,408, right)
0.000217;False;clear;com.google.javascript.rhino.Node%<init>#2@22$(393,409, right)
0.000217;True;clear;com.google.javascript.rhino.Node%<init>#2@23$(393,(394,394), left.parent)
0.000217;True;clear;com.google.javascript.rhino.Node%<init>#2@25$(393,(396,396), left.next)
0.000217;True;clear;com.google.javascript.rhino.Node%<init>#2@27$(393,(398,398), right.parent)
0.000217;True;clear;com.google.javascript.rhino.Node%<init>#2@29$(393,(400,400), right.next)
